City_ID,City,Country,Date,Lat,Lng,Max Temp,Humidity,Cloudiness,Wind Speed
0,Ust-Kut,RU,2021-07-30 21:05:24,56.7938,105.7672,56.39,98,28,3.4
1,Emba,KZ,2021-07-30 21:05:24,48.8264,58.1442,78.66,23,7,6.76
2,Hermanus,ZA,2021-07-30 21:05:25,-34.4187,19.2345,53.91,85,1,4.81
3,Andenes,NO,2021-07-30 21:05:25,69.3143,16.1194,49.06,93,75,28.77
4,Hilo,US,2021-07-30 21:05:26,19.7297,-155.09,83.93,64,40,11.5
5,Piacabucu,BR,2021-07-30 20:59:27,-10.4056,-36.4344,73.92,80,0,7.67
6,Albany,US,2021-07-30 20:56:15,42.6001,-73.9662,75.16,53,32,8.99
7,Punta Arenas,CL,2021-07-30 20:55:08,-53.15,-70.9167,39.31,70,20,21.85
8,Mataura,NZ,2021-07-30 20:56:16,-46.1927,168.8643,48.47,99,100,1.68
9,Hithadhoo,MV,2021-07-30 20:56:35,-0.6,73.0833,81.52,75,90,5.46
10,Airai,TL,2021-07-30 20:56:20,-8.9266,125.4092,56.84,71,73,2.46
11,Rikitea,PF,2021-07-30 20:56:07,-23.1203,-134.9692,72.45,71,74,8.7
12,Yellowknife,CA,2021-07-30 20:56:25,62.456,-114.3525,75.72,46,20,10.36
13,Isangel,VU,2021-07-30 20:57:48,-19.55,169.2667,71.71,68,98,14.97
14,Touros,BR,2021-07-30 20:57:55,-5.1989,-35.4608,81.5,76,62,16.6
15,Luderitz,NA,2021-07-30 20:57:36,-26.6481,15.1594,68.25,33,0,5.55
16,Saint-Philippe,RE,2021-07-30 20:56:41,-21.3585,55.7679,67.59,78,66,16.84
17,Arraial Do Cabo,BR,2021-07-30 20:55:52,-22.9661,-42.0278,71.56,55,0,12.66
18,Tuktoyaktuk,CA,2021-07-30 20:56:40,69.4541,-133.0374,64.4,68,75,21.85
19,Mareeba,AU,2021-07-30 20:58:33,-17.0,145.4333,63.32,94,90,3.11
20,Cape Town,ZA,2021-07-30 20:54:04,-33.9258,18.4232,55.27,94,0,2.3
21,Puerto Ayora,EC,2021-07-30 20:54:46,-0.7393,-90.3518,76.96,89,75,7.0
22,Barrow,US,2021-07-30 20:56:23,71.2906,-156.7887,51.82,87,90,9.22
23,Cali,CO,2021-07-30 21:01:57,3.4372,-76.5225,86.32,49,40,6.91
24,Jamestown,US,2021-07-30 20:54:27,42.097,-79.2353,71.1,60,90,7.0
25,Vitoria,BR,2021-07-30 21:01:08,-20.3194,-40.3378,55.85,65,47,11.86
26,Bulungu,CD,2021-07-30 21:05:30,-4.55,18.6,80.65,27,75,1.07
27,San Patricio,US,2021-07-30 20:58:30,28.017,-97.5169,97.52,48,86,7.72
28,Najran,SA,2021-07-30 21:05:31,17.4924,44.1277,87.26,30,88,9.82
29,Uyuni,BO,2021-07-30 21:05:32,-20.4597,-66.825,47.07,29,99,9.55
30,Busselton,AU,2021-07-30 20:56:08,-33.65,115.3333,42.08,76,98,14.41
31,Kulhudhuffushi,MV,2021-07-30 21:05:33,6.6221,73.07,81.91,77,62,10.27
32,Ushuaia,AR,2021-07-30 20:56:17,-54.8,-68.3,38.82,81,75,19.57
33,Longyearbyen,SJ,2021-07-30 20:58:02,78.2186,15.6401,39.04,75,75,16.11
34,Tlanchinol,MX,2021-07-30 20:59:35,20.9833,-98.65,68.5,85,100,4.18
35,Ulladulla,AU,2021-07-30 21:02:53,-35.35,150.4667,50.88,35,97,5.61
36,Sakakah,SA,2021-07-30 20:59:45,29.9697,40.2064,89.17,14,0,10.27
37,Ilulissat,GL,2021-07-30 20:56:41,69.2167,-51.1,50.61,61,55,7.11
38,Mar Del Plata,AR,2021-07-30 20:56:30,-38.0023,-57.5575,57.99,46,0,1.01
39,Victoria,HK,2021-07-30 20:56:40,22.2855,114.1577,84.38,91,97,3.0
40,Maniitsoq,GL,2021-07-30 21:05:35,65.4167,-52.9,50.49,76,86,5.41
41,Carnarvon,AU,2021-07-30 20:57:27,-24.8667,113.6333,60.87,63,40,17.27
42,Yulara,AU,2021-07-30 20:56:54,-25.2406,130.9889,51.64,62,0,5.75
43,Kavieng,PG,2021-07-30 20:56:19,-2.5744,150.7967,81.39,79,56,7.49
44,Daru,PG,2021-07-30 21:05:37,-9.0763,143.2092,76.87,90,100,12.88
45,Pisco,PE,2021-07-30 20:58:15,-13.7,-76.2167,66.25,68,20,16.11
46,Qaanaaq,GL,2021-07-30 20:58:20,77.484,-69.3632,42.08,89,100,6.11
47,Chuy,UY,2021-07-30 20:58:26,-33.6971,-53.4616,46.74,74,0,5.79
48,Athabasca,CA,2021-07-30 21:04:21,54.7169,-113.2854,86.56,22,2,3.76
49,Chokurdakh,RU,2021-07-30 20:56:33,70.6333,147.9167,54.59,51,100,12.46
50,Butaritari,KI,2021-07-30 20:56:46,3.0707,172.7902,81.46,74,93,4.79
51,Clarence Town,AU,2021-07-30 21:05:38,-32.5833,151.7833,49.86,62,0,2.75
52,Avarua,CK,2021-07-30 20:56:32,-21.2078,-159.775,75.25,69,20,10.36
53,Kendari,ID,2021-07-30 21:05:39,-3.945,122.4989,73.36,95,99,3.4
54,Nurota,UZ,2021-07-30 21:05:40,40.5614,65.6886,75.29,27,33,12.5
55,Teya,RU,2021-07-30 20:58:52,60.3778,92.6267,54.86,82,100,3.02
56,Portland,US,2021-07-30 20:58:13,45.5234,-122.6762,99.9,34,11,4.0
57,Atuona,PF,2021-07-30 20:56:20,-9.8,-139.0333,77.31,76,42,17.98
58,Hasaki,JP,2021-07-30 21:02:10,35.7333,140.8333,73.8,83,0,10.33
59,Upernavik,GL,2021-07-30 20:56:56,72.7868,-56.1549,41.77,82,80,14.41
60,Thinadhoo,MV,2021-07-30 20:59:23,0.5333,72.9333,81.64,74,83,3.15
61,Comodoro Rivadavia,AR,2021-07-30 21:04:43,-45.8667,-67.5,51.66,28,40,24.16
62,Lata,PT,2021-07-30 21:05:42,40.1629,-8.3327,63.91,94,3,5.06
63,Cayenne,GF,2021-07-30 20:56:26,4.9333,-52.3333,86.04,77,75,5.01
64,Awbari,LY,2021-07-30 20:56:08,26.5921,12.7805,87.37,16,0,6.82
65,East London,ZA,2021-07-30 20:56:53,-33.0153,27.9116,59.14,69,9,4.88
66,Nha Trang,VN,2021-07-30 21:01:59,12.25,109.1833,82.4,75,98,4.72
67,Saint-Augustin,CA,2021-07-30 20:58:26,51.226,-58.6502,62.4,66,100,20.65
68,Shumskiy,RU,2021-07-30 21:05:45,54.8318,99.1328,51.8,90,75,1.32
69,Sao Geraldo Do Araguaia,BR,2021-07-30 21:05:45,-6.4006,-48.555,87.64,27,100,0.87
70,Kailua,US,2021-07-30 21:05:47,21.4022,-157.7394,84.18,65,40,13.8
71,Praia Da Vitoria,PT,2021-07-30 21:05:47,38.7333,-27.0667,75.76,76,10,8.37
72,Caravelas,BR,2021-07-30 20:59:08,-17.7125,-39.2481,68.02,74,100,11.56
73,Lebu,CL,2021-07-30 20:57:23,-37.6167,-73.65,50.54,95,100,9.93
74,Vaini,TO,2021-07-30 20:56:48,-21.2,-175.2,73.56,94,90,9.22
75,Kapaa,US,2021-07-30 20:56:09,22.0752,-159.319,84.18,71,77,1.99
76,Walvis Bay,NA,2021-07-30 20:57:46,-22.9575,14.5053,77.95,12,0,16.11
77,Bredasdorp,ZA,2021-07-30 20:56:29,-34.5322,20.0403,47.52,93,2,3.44
78,Nanortalik,GL,2021-07-30 20:58:36,60.1432,-45.2371,46.11,79,100,12.39
79,Tual,ID,2021-07-30 21:03:21,-5.6667,132.75,81.09,81,95,15.14
80,Saldanha,ZA,2021-07-30 20:57:47,-33.0117,17.9442,55.96,85,3,8.59
81,Manokwari,ID,2021-07-30 21:05:49,-0.8667,134.0833,78.6,75,100,4.05
82,Sao Joao Da Barra,BR,2021-07-30 20:59:43,-21.6403,-41.0511,68.09,58,24,17.16
83,Port Elizabeth,ZA,2021-07-30 20:57:05,-33.918,25.5701,52.09,93,40,5.75
84,Provideniya,RU,2021-07-30 20:57:11,64.3833,-173.3,47.32,93,100,6.76
85,Grindavik,IS,2021-07-30 20:59:08,63.8424,-22.4338,61.27,72,0,3.44
86,Tiksi,RU,2021-07-30 20:58:16,71.6872,128.8694,47.57,74,25,8.16
87,Skovorodino,RU,2021-07-30 21:05:51,53.9833,123.9167,52.56,94,92,2.68
88,Ust-Omchug,RU,2021-07-30 21:03:25,61.15,149.6333,43.16,67,45,5.23
89,Krasnyy Oktyabr,RU,2021-07-30 21:05:52,56.1167,38.8833,68.29,97,24,4.56
90,Mehamn,NO,2021-07-30 21:05:52,71.0357,27.8492,49.95,81,75,2.3
91,Dikson,RU,2021-07-30 20:57:23,73.5069,80.5464,42.03,99,100,10.78
92,Bluff,NZ,2021-07-30 20:56:21,-46.6,168.3333,48.79,92,100,11.14
93,Miri,MY,2021-07-30 21:05:53,4.4148,114.0089,74.46,91,78,5.35
94,Port Alfred,ZA,2021-07-30 20:56:42,-33.5906,26.891,57.97,75,38,5.77
95,High Prairie,CA,2021-07-30 21:05:09,55.4334,-116.4858,83.64,26,1,2.55
96,Flin Flon,CA,2021-07-30 21:05:54,54.7682,-101.865,77.0,34,69,10.54
97,Alofi,NU,2021-07-30 20:58:18,-19.0595,-169.9187,76.89,88,75,5.75
98,Thompson,CA,2021-07-30 20:56:22,55.7435,-97.8558,75.36,35,40,14.97
99,Salym,RU,2021-07-30 21:05:55,60.0625,71.4789,52.2,99,100,4.07
100,Santa Lucia Cotzumalguapa,GT,2021-07-30 21:05:56,14.3333,-91.0167,91.72,70,100,4.03
101,Esperance,AU,2021-07-30 20:56:55,-33.8667,121.9,42.64,85,74,10.8
102,Bilibino,RU,2021-07-30 20:58:20,68.0546,166.4372,35.87,65,100,4.29
103,Mulki,IN,2021-07-30 21:05:57,13.1,74.8,79.88,94,20,0.0
104,Port Augusta,AU,2021-07-30 21:04:41,-32.5,137.7667,48.34,51,56,8.48
105,Mehriz,IR,2021-07-30 21:05:58,31.5917,54.4318,80.89,24,1,3.22
106,Half Moon Bay,US,2021-07-30 20:59:27,37.4636,-122.4286,95.74,66,31,1.01
107,Dubai,AE,2021-07-30 21:05:32,25.2582,55.3047,97.05,66,7,4.61
108,Ancud,CL,2021-07-30 20:56:39,-41.8697,-73.8203,49.53,68,3,9.31
109,Corinto,GR,2021-07-30 21:01:02,37.9407,22.9573,91.69,39,0,2.98
110,Fereydun Kenar,IR,2021-07-30 21:05:59,36.6864,52.5225,76.84,75,95,3.91
111,Sorland,NO,2021-07-30 20:59:02,67.667,12.6934,50.41,84,100,24.36
112,Mahebourg,MU,2021-07-30 20:55:13,-20.4081,57.7,70.09,73,40,14.97
113,Homer,US,2021-07-30 21:06:00,59.6425,-151.5483,57.09,76,90,4.61
114,Yar-Sale,RU,2021-07-30 20:57:02,66.8333,70.8333,47.19,95,100,16.04
115,Quesnel,CA,2021-07-30 21:06:01,52.9999,-122.5029,90.88,27,0,1.92
116,Arandis,NA,2021-07-30 21:06:01,-22.4167,14.9667,60.46,13,0,14.56
117,Luang Prabang,LA,2021-07-30 21:06:02,19.8856,102.1347,72.66,96,100,1.81
118,New Norfolk,AU,2021-07-30 20:57:32,-42.7826,147.0587,53.65,64,91,8.52
119,Shimoda,JP,2021-07-30 21:02:58,34.6667,138.95,75.11,87,87,7.16
120,Ariquemes,BR,2021-07-30 21:06:03,-9.9133,-63.0408,86.92,25,0,3.31
121,Talakan,RU,2021-07-30 21:06:03,50.3167,130.3667,67.26,98,100,4.97
122,Beidao,CN,2021-07-30 21:06:04,34.5686,105.8933,67.86,58,0,4.16
123,Thiadiaye,SN,2021-07-30 21:06:05,14.4205,-16.7056,83.21,74,100,8.88
124,Kamyaran,IR,2021-07-30 21:06:05,34.7956,46.9355,75.31,23,0,2.68
125,Cabedelo,BR,2021-07-30 20:57:57,-6.9811,-34.8339,74.07,82,86,13.09
126,Souillac,MU,2021-07-30 20:59:33,-20.5167,57.5167,70.18,73,40,14.97
127,Kokopo,PG,2021-07-30 21:06:06,-4.352,152.2633,76.93,84,58,5.46
128,Asbestovskiy,RU,2021-07-30 21:06:07,57.7557,61.3967,56.19,96,74,6.31
129,Rafsanjan,IR,2021-07-30 21:06:07,30.4067,55.9939,82.72,20,5,8.14
130,Mpongwe,ZM,2021-07-30 21:06:08,-13.5091,28.155,59.2,48,0,11.03
131,Sinnamary,GF,2021-07-30 20:59:18,5.3833,-52.95,81.12,79,14,6.26
132,Hobart,AU,2021-07-30 20:56:29,-42.8794,147.3294,54.01,69,75,1.01
133,Sampit,ID,2021-07-30 21:06:09,-2.5333,112.95,73.51,99,88,1.05
134,Bandarbeyla,SO,2021-07-30 21:06:09,9.4942,50.8122,76.57,78,45,26.71
135,Namibe,AO,2021-07-30 20:57:01,-15.1961,12.1522,66.74,92,45,6.38
136,Tehachapi,US,2021-07-30 21:06:10,35.1322,-118.449,96.33,21,25,7.0
137,Talnakh,RU,2021-07-30 21:06:10,69.4865,88.3972,58.24,90,100,5.17
138,Djougou,BJ,2021-07-30 21:06:11,9.7085,1.666,73.96,84,100,0.67
139,Naze,JP,2021-07-30 20:57:49,28.3667,129.4833,76.87,84,100,2.68
140,Bengkulu,ID,2021-07-30 20:57:24,-3.8004,102.2655,74.59,92,24,5.17
141,Ust-Nera,RU,2021-07-30 21:06:11,64.5667,143.2,52.95,57,30,2.62
142,Lulea,SE,2021-07-30 21:06:12,65.5842,22.1547,60.87,82,90,4.61
143,Muravlenko,RU,2021-07-30 21:06:12,63.7898,74.523,46.18,82,100,10.13
144,Avera,US,2021-07-30 21:03:33,33.194,-82.5271,98.91,30,18,8.97
145,Katsuura,JP,2021-07-30 20:58:24,35.1333,140.3,79.11,86,11,8.88
146,Mudgee,AU,2021-07-30 21:06:13,-32.5943,149.5871,35.65,93,90,0.0
147,Abnub,EG,2021-07-30 21:06:14,27.2696,31.1511,89.83,22,100,5.79
148,Lusambo,CD,2021-07-30 21:06:15,-4.9667,23.45,82.51,29,100,2.73
149,Fortuna,US,2021-07-30 21:06:15,40.5982,-124.1573,71.85,75,20,12.66
150,Narasannapeta,IN,2021-07-30 21:06:15,18.4167,84.05,81.84,73,100,5.17
151,Castro,BR,2021-07-30 20:56:24,-24.7911,-50.0119,43.39,60,97,4.81
152,Angoche,MZ,2021-07-30 21:04:44,-16.2325,39.9086,72.27,79,44,9.35
153,Limon,CR,2021-07-30 21:06:16,10.0,-83.0333,85.89,70,0,8.05
154,Batagay,RU,2021-07-30 21:04:52,67.6333,134.6333,62.87,45,42,1.79
155,Kjollefjord,NO,2021-07-30 21:06:17,70.9457,27.3465,49.82,81,75,2.3
156,Pasni,PK,2021-07-30 21:06:18,25.2631,63.471,81.37,84,100,6.62
157,Georgetown,MY,2021-07-30 20:54:44,5.4112,100.3354,77.9,92,20,3.0
158,Karasburg,NA,2021-07-30 21:06:18,-28.0167,18.75,56.93,21,0,8.57
159,Darnah,LY,2021-07-30 21:06:19,32.767,22.6367,82.22,71,0,16.78
160,Nanakuli,US,2021-07-30 21:06:19,21.3906,-158.1547,84.15,61,20,16.11
161,Jacksonville,US,2021-07-30 21:06:20,30.3322,-81.6556,97.02,56,75,1.99
162,Nikolskoye,RU,2021-07-30 20:56:47,59.7035,30.7861,62.8,67,12,8.05
163,Salalah,OM,2021-07-30 20:58:23,17.0151,54.0924,76.26,93,91,12.53
164,Billings,US,2021-07-30 21:06:20,45.7833,-108.5007,96.3,27,20,11.5
165,May Pen,JM,2021-07-30 21:06:21,17.9645,-77.2451,85.6,66,57,12.64
166,Coolum Beach,AU,2021-07-30 21:06:21,-26.5333,153.1,52.34,78,1,3.91
167,Kodiak,US,2021-07-30 21:06:21,57.79,-152.4072,54.28,81,100,4.43
168,Tahta,EG,2021-07-30 21:06:22,26.7693,31.5021,90.0,21,84,5.28
169,Wanaka,NZ,2021-07-30 20:57:37,-44.7,169.15,45.1,99,100,1.01
170,Tasiilaq,GL,2021-07-30 20:56:41,65.6145,-37.6368,44.67,78,20,0.36
171,Escuinapa,MX,2021-07-30 21:06:22,22.85,-105.8,91.31,54,13,10.49
172,Mahina,PF,2021-07-30 21:04:44,-17.5065,-149.489,82.17,65,20,5.75
173,Sylva,RU,2021-07-30 21:06:23,58.0348,56.7635,60.17,98,16,3.67
174,Ponta Delgada,PT,2021-07-30 20:59:26,37.7333,-25.6667,72.32,83,20,5.75
175,Kaitangata,NZ,2021-07-30 20:58:10,-46.2817,169.8464,49.93,84,95,4.09
176,Tubmanburg,LR,2021-07-30 21:06:24,6.8708,-10.8172,73.74,93,35,2.89
177,Gustrow,DE,2021-07-30 21:06:24,53.7972,12.1734,63.1,67,40,0.0
178,Port Lincoln,AU,2021-07-30 20:58:58,-34.7333,135.8667,55.67,91,77,7.72
179,Kawalu,ID,2021-07-30 20:57:54,-7.3817,108.2082,71.87,97,97,1.95
180,Ornskoldsvik,SE,2021-07-30 21:06:25,63.2909,18.7153,58.15,94,94,4.61
181,Kotelnikovo,RU,2021-07-30 21:06:25,47.6317,43.1461,79.2,26,16,4.52
182,Visby,SE,2021-07-30 21:06:26,57.6409,18.296,67.86,82,75,13.8
183,Strezhevoy,RU,2021-07-30 21:06:26,60.7333,77.5889,49.98,89,13,5.93
184,Sitka,US,2021-07-30 20:59:36,57.0531,-135.33,71.49,60,100,3.49
185,Beringovskiy,RU,2021-07-30 20:59:09,63.05,179.3167,42.67,71,99,16.58
186,Imbituba,BR,2021-07-30 20:59:31,-28.24,-48.6703,57.09,76,0,4.52
187,Adwa,ET,2021-07-30 21:06:27,14.1646,38.8955,62.22,94,74,4.43
188,Ocampo,MX,2021-07-30 21:06:28,21.65,-101.5,76.28,41,63,18.37
189,Deputatskiy,RU,2021-07-30 21:03:24,69.3,139.9,56.52,46,92,5.7
190,Chhatapur,IN,2021-07-30 21:06:28,26.2167,87.0167,78.76,92,99,18.34
191,Estelle,US,2021-07-30 21:06:28,29.8458,-90.1067,96.8,59,75,4.61
192,San Cristobal,VE,2021-07-30 20:58:40,7.7669,-72.225,86.18,75,49,6.58
193,Khatanga,RU,2021-07-30 20:57:43,71.9667,102.5,71.78,47,30,9.73
194,Dolores,AR,2021-07-30 21:06:29,-36.3132,-57.6792,49.66,51,0,9.51
195,Elk City,US,2021-07-30 21:06:29,35.412,-99.4043,97.29,38,40,0.0
196,Krasnomayskiy,RU,2021-07-30 21:06:30,57.6194,34.4099,58.59,83,76,5.26
197,Sharya,RU,2021-07-30 21:06:31,58.3686,45.5144,62.85,96,94,2.1
198,Kruisfontein,ZA,2021-07-30 21:06:31,-34.0033,24.7314,47.88,78,9,4.03
199,Nador,MA,2021-07-30 21:06:31,35.174,-2.9287,79.05,73,0,2.3
200,Kalach-Na-Donu,RU,2021-07-30 21:06:32,48.691,43.5264,79.92,46,44,2.82
201,Ergani,TR,2021-07-30 21:06:32,38.2653,39.7621,85.55,22,5,8.77
202,Lompoc,US,2021-07-30 20:57:22,34.6391,-120.4579,96.01,67,20,5.99
203,Aiken,US,2021-07-30 21:06:33,33.5835,-81.5998,96.35,57,40,6.91
204,Atasu,KZ,2021-07-30 21:06:33,48.6814,71.6433,64.94,37,3,3.47
205,Te Anau,NZ,2021-07-30 20:57:21,-45.4167,167.7167,44.94,95,100,3.85
206,Bethel,US,2021-07-30 20:57:41,41.3712,-73.414,81.91,59,4,1.99
207,Berlevag,NO,2021-07-30 20:58:01,70.8578,29.0864,48.15,81,75,4.61
208,Saint-Joseph,RE,2021-07-30 21:06:34,-21.3667,55.6167,66.58,78,32,16.15
209,Tomatlan,MX,2021-07-30 21:04:24,19.9333,-105.25,89.08,62,81,8.68
210,Tuatapere,NZ,2021-07-30 20:58:04,-46.1333,167.6833,48.81,96,100,4.83
211,Plaster Rock,CA,2021-07-30 21:06:35,46.9065,-67.39,66.72,95,100,5.53
212,Neustadt,DE,2021-07-30 21:06:36,49.7117,12.0872,65.86,100,75,4.61
213,Codrington,AU,2021-07-30 21:04:23,-38.2667,141.9667,50.92,73,38,14.85
214,Ugoofaaru,MV,2021-07-30 21:06:36,5.6667,73.0,82.2,74,93,9.28
215,Muisne,EC,2021-07-30 21:06:37,0.6,-80.0333,77.7,78,94,9.04
216,Noto,IT,2021-07-30 21:06:37,36.8901,15.0693,88.02,46,0,12.17
217,Eidfjord,NO,2021-07-30 21:06:38,60.4675,7.0719,67.59,98,11,4.76
218,Contamana,PE,2021-07-30 21:06:38,-7.3333,-75.0167,81.59,38,7,3.0
219,Vao,NC,2021-07-30 21:06:39,-22.6667,167.4833,67.53,57,1,24.07
220,Omboue,GA,2021-07-30 20:59:17,-1.5746,9.2618,74.41,78,10,9.62
221,Yankton,US,2021-07-30 21:03:25,42.8711,-97.3973,71.85,73,90,11.5
222,Sterling,US,2021-07-30 21:03:13,39.0062,-77.4286,90.99,38,75,3.0
223,Asfi,MA,2021-07-30 21:00:21,32.2994,-9.2372,69.89,79,2,17.85
224,La Roda,ES,2021-07-30 21:06:40,39.2167,-2.15,82.13,12,0,10.31
225,Broken Hill,AU,2021-07-30 20:59:12,-31.95,141.4333,56.91,54,0,6.91
226,Constitucion,CL,2021-07-30 20:59:45,-35.3333,-72.4167,55.71,79,46,14.45
227,Port Blair,IN,2021-07-30 20:58:21,11.6667,92.75,81.84,83,88,16.71
228,Inhambane,MZ,2021-07-30 21:04:11,-23.865,35.3833,65.73,73,0,9.33
229,Takoradi,GH,2021-07-30 20:57:04,4.8845,-1.7554,76.37,87,93,7.36
230,Chunskiy,RU,2021-07-30 21:06:41,56.0815,99.6342,52.66,94,52,1.19
231,Urusha,RU,2021-07-30 20:56:44,54.05,122.9,52.97,88,96,3.62
232,Saint George,US,2021-07-30 20:57:15,37.1041,-113.5841,96.64,35,75,1.99
233,Belmonte,BR,2021-07-30 20:52:13,-15.8631,-38.8828,69.8,82,100,16.44
234,Buraydah,SA,2021-07-30 21:06:42,26.326,43.975,89.73,12,48,8.97
235,Cidreira,BR,2021-07-30 20:57:14,-30.1811,-50.2056,50.52,71,1,5.86
236,Paamiut,GL,2021-07-30 20:58:52,61.994,-49.6678,46.98,79,100,13.42
237,Poum,NC,2021-07-30 21:03:20,-20.2333,164.0167,70.05,58,0,23.33
238,Geraldton,AU,2021-07-30 20:57:22,-28.7667,114.6,57.13,71,40,14.97
239,Pevek,RU,2021-07-30 20:57:58,69.7008,170.3133,32.95,90,100,14.03
240,Saskylakh,RU,2021-07-30 21:06:44,71.9167,114.0833,72.07,47,11,7.11
241,Klaksvik,FO,2021-07-30 20:57:00,62.2266,-6.589,47.32,82,100,19.28
242,Tigil,RU,2021-07-30 21:06:44,57.8,158.6667,50.65,66,83,10.13
243,Avila,ES,2021-07-30 21:06:45,40.5833,-5.0,69.66,34,0,7.63
244,Faanui,PF,2021-07-30 20:57:15,-16.4833,-151.75,78.31,70,100,16.64
245,Buala,SB,2021-07-30 21:06:45,-8.145,159.5921,80.69,79,72,3.83
246,Vestmannaeyjar,IS,2021-07-30 20:57:26,63.4427,-20.2734,56.39,94,40,9.22
247,Hearst,CA,2021-07-30 21:06:46,49.6835,-83.6665,71.15,32,19,8.81
248,San Gabriel,US,2021-07-30 21:05:34,34.0961,-118.1058,108.12,36,20,9.22
249,Jumla,NP,2021-07-30 21:04:54,29.2747,82.1838,60.69,99,100,2.26
250,San Policarpo,PH,2021-07-30 21:06:47,12.1791,125.5072,82.36,76,100,8.12
251,Lorengau,PG,2021-07-30 20:58:13,-2.0226,147.2712,81.79,76,36,3.18
252,Dalkola,IN,2021-07-30 21:06:47,25.85,87.85,78.48,95,92,11.43
253,San Angelo,US,2021-07-30 21:03:22,31.4638,-100.437,97.97,37,75,8.99
254,Nishihara,JP,2021-07-30 21:06:48,26.1842,127.7558,81.68,89,20,4.61
255,Kavaratti,IN,2021-07-30 20:58:44,10.5669,72.642,82.38,76,100,15.88
256,Makakilo City,US,2021-07-30 21:06:49,21.3469,-158.0858,82.72,58,20,16.11
257,Tiarei,PF,2021-07-30 21:06:49,-17.5333,-149.3333,82.42,73,54,18.9
258,Ponta Do Sol,PT,2021-07-30 20:57:18,32.6667,-17.1,73.71,78,7,6.49
259,Port Hedland,AU,2021-07-30 21:06:50,-20.3167,118.5667,62.65,94,3,8.05
260,Lyndon,US,2021-07-30 21:06:50,38.2567,-85.6016,85.8,59,20,4.0
261,Pingliang,CN,2021-07-30 21:06:50,35.5392,106.6861,71.6,32,0,4.85
262,Muana,BR,2021-07-30 21:06:51,-1.5283,-49.2167,77.67,92,27,7.11
263,Vilyuysk,RU,2021-07-30 21:06:51,63.7553,121.6247,58.01,55,14,0.63
264,Kalmunai,LK,2021-07-30 20:59:24,7.4167,81.8167,80.17,78,0,4.59
265,Warrington,GB,2021-07-30 21:06:52,53.3925,-2.5802,59.79,92,40,3.0
266,Weiser,US,2021-07-30 21:06:52,44.251,-116.9693,104.61,21,99,8.52
267,San Pedro,PH,2021-07-30 21:06:53,14.35,121.0167,80.35,89,99,12.01
268,Vila Franca Do Campo,PT,2021-07-30 20:58:00,37.7167,-25.4333,72.01,85,6,6.2
269,Loiza,PR,2021-07-30 21:06:54,18.4313,-65.8802,86.86,82,40,11.5
270,The Pas,CA,2021-07-30 21:04:21,53.8251,-101.2541,82.53,29,17,14.05
271,Verkhnetulomskiy,RU,2021-07-30 21:06:54,68.6073,31.7962,50.13,77,100,2.24
272,Quatre Cocos,MU,2021-07-30 20:59:50,-20.2078,57.7625,69.91,64,97,18.01
273,Wawa,NG,2021-07-30 21:06:55,9.9022,4.4192,72.91,91,96,1.61
274,Mon,IN,2021-07-30 21:06:56,26.75,95.1,71.08,98,100,2.42
275,Kahului,US,2021-07-30 20:57:01,20.8947,-156.47,86.97,84,49,11.63
276,Port Hardy,CA,2021-07-30 21:00:14,50.6996,-127.4199,66.47,79,50,5.82
277,Chisinau,MD,2021-07-30 21:05:14,47.0056,28.8575,70.23,94,0,3.44
278,Pundaguitan,PH,2021-07-30 21:06:57,6.3711,126.1689,83.75,76,73,10.29
279,Sorong,ID,2021-07-30 21:03:39,-0.8833,131.25,78.67,88,99,5.14
280,Lasa,IT,2021-07-30 20:57:01,46.6166,10.7002,64.02,87,60,2.68
281,Sao Felix Do Xingu,BR,2021-07-30 21:06:58,-6.6447,-51.995,85.57,34,98,3.2
282,Kharp,RU,2021-07-30 21:06:58,66.8014,65.8081,46.49,95,89,7.16
283,Kyshtovka,RU,2021-07-30 21:06:58,56.555,76.6271,57.88,77,100,10.18
284,Nizhniy Kuranakh,RU,2021-07-30 21:06:59,58.8353,125.4869,47.5,92,34,5.03
285,Kiunga,PG,2021-07-30 21:07:00,-6.1219,141.2906,72.27,100,100,2.13
286,Tocopilla,CL,2021-07-30 21:04:50,-22.092,-70.1979,63.75,76,52,8.77
287,Acari,PE,2021-07-30 21:07:01,-15.4311,-74.6158,69.53,62,43,7.78
288,Kearney,US,2021-07-30 21:07:01,40.6995,-99.0815,90.52,74,1,10.36
289,Eydhafushi,MV,2021-07-30 21:07:02,5.1033,73.0708,82.24,72,75,8.97
290,Kloulklubed,PW,2021-07-30 21:07:02,7.0419,134.2556,84.42,73,100,6.53
291,Chimbote,PE,2021-07-30 21:07:03,-9.0853,-78.5783,68.43,75,22,11.92
292,Saint-Pierre,RE,2021-07-30 20:59:46,-21.3393,55.4781,67.68,87,75,18.41
293,Tuy Hoa,VN,2021-07-30 20:54:05,13.0833,109.3,83.35,65,99,15.39
294,Korla,CN,2021-07-30 20:59:19,41.7597,86.1469,89.67,24,100,18.34
295,Nelson Bay,AU,2021-07-30 21:07:04,-32.7167,152.15,47.68,93,0,5.23
296,Tuscaloosa,US,2021-07-30 21:07:05,33.2098,-87.5692,94.89,62,20,5.75
297,Asau,RO,2021-07-30 20:59:50,46.4333,26.4,70.39,78,2,3.62
298,Igarka,RU,2021-07-30 21:07:05,67.4667,86.5833,55.65,87,100,2.73
299,Nyimba,ZM,2021-07-30 21:07:06,-14.5566,30.8149,66.07,40,2,13.11
300,Remontnoye,RU,2021-07-30 21:07:06,46.5614,43.6501,77.49,32,5,9.17
301,Gaya,IN,2021-07-30 21:07:07,24.7833,85.0,77.92,91,100,13.87
302,Port-Cartier,CA,2021-07-30 21:07:07,50.0334,-66.8654,62.82,99,100,3.31
303,Mecca,SA,2021-07-30 21:02:16,21.4267,39.8261,89.56,25,75,3.38
304,Rocha,UY,2021-07-30 20:59:09,-34.4833,-54.3333,47.25,75,0,5.91
305,Jacareacanga,BR,2021-07-30 20:57:13,-6.2222,-57.7528,91.15,34,2,1.01
306,Damoh,IN,2021-07-30 21:07:08,23.8333,79.45,76.23,88,100,12.64
307,Esna,EG,2021-07-30 21:06:08,25.2934,32.554,89.92,19,85,7.38
308,Ribeira Grande,PT,2021-07-30 20:57:48,38.5167,-28.7,77.4,69,20,0.0
309,Taitung,TW,2021-07-30 21:07:09,22.7583,121.1444,82.29,79,100,4.65
310,Clyde River,CA,2021-07-30 21:07:09,70.4692,-68.5914,41.13,82,38,7.2
311,Kyren,RU,2021-07-30 21:07:10,51.6828,102.1408,51.87,94,42,2.48
312,Saint-Francois,FR,2021-07-30 21:07:11,46.4154,3.9054,67.44,80,90,3.44
313,Cap Malheureux,MU,2021-07-30 20:59:48,-19.9842,57.6142,70.29,69,86,5.01
314,Norman Wells,CA,2021-07-30 20:57:18,65.282,-126.8329,78.84,44,20,8.05
315,Bonavista,CA,2021-07-30 21:07:12,48.6499,-53.1147,62.82,62,100,13.71
316,Alta Floresta,BR,2021-07-30 21:00:11,-9.8756,-56.0861,87.08,19,0,1.61
317,Labuhan,ID,2021-07-30 21:07:12,-6.8844,112.2051,76.53,84,7,9.19
318,Barra,BR,2021-07-30 21:07:13,-11.0894,-43.1417,83.48,41,77,6.89
319,Sola,VU,2021-07-30 20:59:36,-13.8833,167.55,78.49,77,77,16.84
320,Panjab,AF,2021-07-30 21:07:13,34.388,67.0233,56.39,44,19,5.35
321,Akola,IN,2021-07-30 21:07:14,20.7333,77.0,77.88,74,100,17.69
322,Shenjiamen,CN,2021-07-30 21:07:15,29.9576,122.298,78.96,94,95,12.39
323,Invermere,CA,2021-07-30 21:04:30,50.5167,-116.0354,96.69,16,4,3.33
324,Sechura,PE,2021-07-30 21:07:16,-5.5569,-80.8222,76.75,60,94,14.74
325,Eureka,US,2021-07-30 21:07:17,40.8021,-124.1637,72.12,73,69,8.01
326,Bayir,TR,2021-07-30 21:07:17,37.2687,28.2167,84.72,24,0,5.77
327,Baijiantan,CN,2021-07-30 21:07:17,45.6333,85.1833,75.38,34,100,16.42
328,Tete,MZ,2021-07-30 21:07:18,-16.1564,33.5867,68.52,62,0,8.12
329,Poroshkovo,UA,2021-07-30 21:07:18,48.6683,22.7533,70.92,87,58,3.98
330,Pangnirtung,CA,2021-07-30 20:58:35,66.1451,-65.7125,50.0,87,75,8.05
331,Amga,RU,2021-07-30 21:07:19,60.8953,131.9608,54.01,69,2,1.45
332,Acarau,BR,2021-07-30 20:57:49,-2.8856,-40.12,80.1,80,47,15.46
333,Nedjo,ET,2021-07-30 21:07:20,9.5046,35.5019,58.05,99,100,2.24
334,Yuzhnouralsk,RU,2021-07-30 21:07:20,54.4418,61.2536,60.35,93,3,8.39
335,Shubarkuduk,KZ,2021-07-30 21:04:15,49.1447,56.4872,79.77,24,24,7.67
336,Egvekinot,RU,2021-07-30 20:57:45,66.3167,-179.1667,36.3,96,100,3.98
337,Hamilton,US,2021-07-30 20:58:43,39.1834,-84.5333,85.6,51,2,4.0
338,Cherskiy,RU,2021-07-30 21:07:22,68.75,161.3,35.51,79,100,3.44
339,Akyab,MM,2021-07-30 21:07:22,20.15,92.9,80.73,87,96,11.7
340,Morros,BR,2021-07-30 20:58:27,-9.4467,-46.3003,86.18,25,64,4.79
341,Umm Lajj,SA,2021-07-30 21:07:23,25.0213,37.2685,85.93,53,76,2.64
342,Padang,ID,2021-07-30 21:07:23,-0.9492,100.3543,76.41,84,77,3.24
343,Dakar,SN,2021-07-30 21:03:16,14.6937,-17.4441,83.28,84,81,9.64
344,Puerto Escondido,MX,2021-07-30 20:58:49,15.85,-97.0667,87.13,60,97,6.69
345,Maryville,US,2021-07-30 21:07:24,35.7565,-83.9705,93.18,62,75,1.01
346,Severo-Kurilsk,RU,2021-07-30 21:07:24,50.6789,156.125,56.5,95,99,6.22
347,Esmeralda,CU,2021-07-30 21:06:07,21.8525,-78.1169,78.04,62,64,12.91
348,Meulaboh,ID,2021-07-30 20:57:44,4.1363,96.1285,76.66,86,100,1.88
349,Burns Lake,CA,2021-07-30 21:07:25,54.2331,-125.7533,83.48,29,0,5.68
350,Santa Cruz,BO,2021-07-30 21:05:09,-17.8,-63.1667,72.99,21,68,5.44
351,La Reforma,MX,2021-07-30 21:07:26,25.0833,-108.05,101.75,55,1,10.51
352,Wankaner,IN,2021-07-30 21:07:26,22.6167,70.9333,80.67,79,100,19.57
353,Wenling,CN,2021-07-30 21:07:27,28.3669,121.36,79.92,93,100,10.89
354,Sinjar,IQ,2021-07-30 21:07:27,36.3209,41.8754,96.17,16,58,3.42
355,Raudeberg,NO,2021-07-30 21:07:28,61.9875,5.1352,56.8,77,18,18.84
356,Khorixas,NA,2021-07-30 21:07:28,-20.3667,14.9667,65.68,21,0,9.55
357,Rosendal,NO,2021-07-30 21:07:28,59.9867,6.0135,61.52,84,99,3.58
358,Sawakin,SD,2021-07-30 21:07:29,19.1059,37.3321,94.06,44,84,18.1
359,Whitehorse,CA,2021-07-30 21:03:35,60.7161,-135.0538,74.1,26,0,8.12
360,Torbay,CA,2021-07-30 21:03:19,47.6666,-52.7314,68.29,61,95,1.01
361,Ilheus,BR,2021-07-30 21:02:46,-14.7889,-39.0494,69.21,87,100,12.68
362,Bambous Virieux,MU,2021-07-30 21:07:30,-20.3428,57.7575,68.22,63,86,17.78
363,Lashio,MM,2021-07-30 21:07:30,22.9333,97.75,68.07,100,100,0.56
364,Nhulunbuy,AU,2021-07-30 20:57:34,-12.2333,136.7667,72.21,100,39,3.44
365,Vardo,NO,2021-07-30 21:07:31,70.3705,31.1107,46.6,93,0,6.91
366,Harda,IN,2021-07-30 21:07:31,22.3333,77.1,75.74,92,100,14.34
367,Rawson,AR,2021-07-30 20:58:46,-43.3002,-65.1023,53.37,39,100,22.21
368,Diamantino,BR,2021-07-30 21:07:32,-14.4086,-56.4461,78.85,21,0,6.38
369,Ixtapa,MX,2021-07-30 20:59:14,20.7,-105.2,86.23,79,94,5.99
370,Osypenko,UA,2021-07-30 21:07:32,46.9136,36.8253,75.83,80,96,5.26
371,Namsos,NO,2021-07-30 21:07:33,64.4662,11.4957,54.91,92,100,2.71
372,Isla Mujeres,MX,2021-07-30 21:07:33,21.2311,-86.731,89.17,69,8,9.95
373,Lermontovka,RU,2021-07-30 21:07:34,47.1453,134.3383,73.33,74,100,2.28
374,Manturovo,RU,2021-07-30 21:07:34,58.3353,44.7619,63.55,93,100,3.98
375,Pimentel,PE,2021-07-30 21:07:35,-6.8367,-79.9342,71.89,78,40,5.01
376,Slave Lake,CA,2021-07-30 21:07:35,55.2834,-114.769,76.6,35,9,5.23
377,Eyl,SO,2021-07-30 20:59:13,7.9803,49.8164,76.53,69,99,23.26
378,Lithgow,AU,2021-07-30 21:07:36,-33.4833,150.15,38.86,53,28,5.08
379,Bajil,YE,2021-07-30 20:58:14,15.0584,43.2851,86.34,61,100,5.37
380,Tommot,RU,2021-07-30 21:07:37,58.9564,126.2925,48.24,86,18,4.74
381,Kirovskiy,RU,2021-07-30 21:07:37,45.0917,133.5136,74.14,92,26,3.24
382,Evensk,RU,2021-07-30 20:58:14,61.95,159.2333,50.7,53,20,6.55
383,Todos Santos,MX,2021-07-30 21:07:38,23.45,-110.2167,99.01,82,3,6.91
384,Nouadhibou,MR,2021-07-30 21:03:16,20.931,-17.0347,69.4,90,5,20.04
385,College,US,2021-07-30 20:59:48,64.8569,-147.8028,66.0,70,100,1.99
386,Landeck,AT,2021-07-30 21:07:39,47.1301,10.5636,60.08,95,89,0.63
387,Kano,NG,2021-07-30 21:07:39,12.0001,8.5167,74.44,83,53,6.69
388,Jiblah,YE,2021-07-30 21:07:39,13.9216,44.1467,66.36,74,97,4.9
389,Coihaique,CL,2021-07-30 21:03:16,-45.5752,-72.0662,36.12,86,16,7.65
390,Manta,EC,2021-07-30 21:03:38,-0.95,-80.7333,77.49,75,100,11.61
391,Maarianhamina,AX,2021-07-30 21:07:40,60.0973,19.9348,53.46,94,0,1.14
392,Bardiyah,LY,2021-07-30 21:04:32,31.7561,25.0865,80.35,76,0,14.9
393,Kabare,CD,2021-07-30 21:07:41,-2.4683,28.8242,62.62,66,68,0.4
394,Nome,US,2021-07-30 20:58:27,64.5011,-165.4064,50.16,93,90,4.61
395,Kem,RU,2021-07-30 21:07:42,64.9555,34.5793,51.15,99,100,5.44
396,Tanabe,JP,2021-07-30 21:07:42,33.7333,135.3667,78.93,82,40,1.01
397,Omsukchan,RU,2021-07-30 21:07:43,62.5333,155.8,41.95,76,93,6.26
398,Itarema,BR,2021-07-30 21:07:43,-2.9248,-39.9167,79.66,80,41,14.92
399,Tshikapa,CD,2021-07-30 21:07:44,-6.4167,20.8,77.9,31,0,2.77
400,Khingansk,RU,2021-07-30 21:07:44,49.1167,131.1833,63.68,88,99,12.08
401,Saugus,US,2021-07-30 21:07:45,42.4648,-71.01,79.25,55,40,3.0
402,Lagoa,PT,2021-07-30 21:03:09,39.05,-27.9833,71.08,84,3,7.65
403,Guerrero Negro,MX,2021-07-30 21:07:46,27.9769,-114.0611,83.07,54,18,12.86
404,Deqing,CN,2021-07-30 21:07:46,30.5448,119.9599,78.76,98,31,2.06
405,Rockhampton,AU,2021-07-30 21:07:46,-23.3833,150.5,60.69,88,12,6.91
406,Balkanabat,TM,2021-07-30 21:07:47,39.5108,54.3671,83.88,35,51,7.94
407,Batemans Bay,AU,2021-07-30 21:07:47,-35.7167,150.1833,57.09,43,88,4.7
408,Narsaq,GL,2021-07-30 21:07:48,60.9167,-46.05,61.02,75,100,2.91
409,Norsup,VU,2021-07-30 21:07:48,-16.0667,167.3833,76.26,68,10,7.85
410,Jiwani,PK,2021-07-30 21:07:49,25.05,61.7417,82.69,88,49,7.16
411,Roma,US,2021-07-30 21:04:50,43.2128,-75.4557,70.43,58,1,3.0
412,Dongsheng,CN,2021-07-30 21:03:28,39.8161,109.9776,70.81,40,0,11.3
413,Ketchikan,US,2021-07-30 21:04:18,55.3422,-131.6461,72.07,64,1,8.05
414,Kondopoga,RU,2021-07-30 21:07:50,62.2057,34.2614,55.58,80,11,4.43
415,Mercedes,AR,2021-07-30 21:01:24,-34.6515,-59.4307,58.86,51,0,8.59
416,Cibadak,ID,2021-07-30 21:07:50,-6.5816,106.4846,76.95,88,32,3.15
417,Hambantota,LK,2021-07-30 20:58:09,6.1241,81.1185,79.32,82,22,18.05
418,Granada,ES,2021-07-30 21:07:51,37.25,-3.25,80.46,30,0,7.34
419,Aripuana,BR,2021-07-30 21:07:51,-9.1667,-60.6333,87.57,29,0,1.99
420,Pontinia,IT,2021-07-30 21:07:52,41.4109,13.0441,84.47,88,0,2.1
421,Vitim,RU,2021-07-30 21:07:52,59.4511,112.5578,54.36,60,38,5.1
422,Hofn,IS,2021-07-30 20:58:28,64.2539,-15.2082,50.88,84,11,9.35
423,Zonguldak,TR,2021-07-30 21:07:53,41.25,31.8333,65.12,60,0,5.32
424,Ojhar,IN,2021-07-30 21:07:54,20.1,73.9333,72.86,88,100,21.0
425,Rio Grande,BR,2021-07-30 21:05:19,-32.035,-52.0986,51.94,68,0,7.2
426,Thanatpin,MM,2021-07-30 21:07:54,17.2119,96.3033,77.18,93,95,5.97
427,Faya,SA,2021-07-30 21:07:55,18.3851,42.4509,70.32,49,89,0.85
428,Fukue,JP,2021-07-30 21:07:55,32.6881,128.8419,80.51,85,67,6.93
429,Meadow Lake,US,2021-07-30 21:07:56,34.8014,-106.5436,90.61,27,74,4.74
430,Mariental,NA,2021-07-30 21:07:56,-24.6333,17.9667,56.48,24,0,11.86
431,Bose,IT,2021-07-30 21:07:57,45.4612,8.0137,73.08,83,93,5.12
432,Alice Springs,AU,2021-07-30 20:58:13,-23.7,133.8833,65.75,30,0,10.36
433,Oistins,BB,2021-07-30 21:04:08,13.0667,-59.5333,81.52,78,26,16.6
434,Terpsithea,GR,2021-07-30 21:07:58,39.6167,22.3667,82.2,51,0,0.0
435,Kingman,US,2021-07-30 21:07:58,35.1894,-114.053,90.88,33,40,8.05
436,Cabo San Lucas,MX,2021-07-30 21:07:59,22.8909,-109.9124,99.52,65,1,1.01
437,Soyo,AO,2021-07-30 21:07:59,-6.1349,12.3689,71.69,85,0,7.99
438,Dudinka,RU,2021-07-30 21:08:00,69.4058,86.1778,55.92,91,100,4.76
439,Grand Gaube,MU,2021-07-30 21:08:00,-20.0064,57.6608,68.38,69,90,5.99
440,Sicamous,CA,2021-07-30 21:08:00,50.8331,-118.9856,96.12,15,0,4.41
441,Taos,US,2021-07-30 21:08:01,36.4072,-105.5731,82.0,32,20,15.01
442,Namatanai,PG,2021-07-30 21:08:01,-3.6667,152.4333,79.5,82,97,4.54
443,Prince George,CA,2021-07-30 21:07:35,53.9166,-122.753,84.25,39,0,1.01
444,Yuci,CN,2021-07-30 21:08:02,37.6803,112.7319,65.95,88,0,0.0
445,Ostrovnoy,RU,2021-07-30 20:58:22,68.0531,39.5131,44.44,91,99,8.46
446,San Andres,CO,2021-07-30 20:58:04,12.5847,-81.7006,87.82,70,90,10.36
447,Sembakung,ID,2021-07-30 21:08:03,3.8167,117.25,74.3,99,87,1.14
448,Nizwa,OM,2021-07-30 21:04:18,22.9333,57.5333,91.89,41,96,5.77
449,Mondragone,IT,2021-07-30 21:08:04,41.1141,13.8935,81.95,71,0,2.91
450,Hay River,CA,2021-07-30 20:58:45,60.8156,-115.7999,76.98,47,40,5.75
451,Tinalmud,PH,2021-07-30 21:08:04,13.5941,122.878,83.16,81,100,16.24
452,Fuerte Olimpo,PY,2021-07-30 21:08:05,-21.0415,-57.8738,68.23,16,94,2.53
453,Casper,US,2021-07-30 21:08:06,42.8666,-106.3131,85.01,41,1,3.0
454,Havre-Saint-Pierre,CA,2021-07-30 21:08:06,50.2334,-63.5986,59.36,94,90,6.91
455,Parthenay,FR,2021-07-30 21:08:06,46.6667,-0.4167,60.04,84,26,7.58
456,The Valley,AI,2021-07-30 21:00:18,18.217,-63.0578,86.83,82,5,18.59
457,Sisimiut,GL,2021-07-30 21:03:41,66.9395,-53.6735,58.42,51,71,5.59
458,Riyadh,SA,2021-07-30 21:05:33,24.6877,46.7219,96.94,14,100,1.59
459,Chapadinha,BR,2021-07-30 21:08:07,-3.7417,-43.3603,78.73,79,72,6.11
460,Los Llanos De Aridane,ES,2021-07-30 21:08:08,28.6585,-17.9182,68.13,92,0,20.71
461,Ottumwa,US,2021-07-30 21:08:08,41.02,-92.4113,81.14,70,75,4.0
462,Severnyy,RU,2021-07-30 21:08:09,50.677,36.5532,68.04,83,0,6.71
463,Basoko,CD,2021-07-30 21:08:09,1.2391,23.616,76.28,70,65,3.67
464,Mirandola,IT,2021-07-30 21:08:10,44.8868,11.0662,82.56,54,7,3.87
465,Atar,MR,2021-07-30 21:03:43,20.5169,-13.0499,98.38,19,10,8.16
466,Altamira,BR,2021-07-30 21:08:10,-3.2033,-52.2064,81.28,72,76,3.44
467,Flinders,AU,2021-07-30 20:58:42,-34.5833,150.8552,60.08,58,36,1.01
468,Srednekolymsk,RU,2021-07-30 20:58:12,67.45,153.6833,46.74,56,100,11.1
469,Kushima,JP,2021-07-30 21:02:50,31.4583,131.2333,75.56,93,100,5.82
470,Dolneni,MK,2021-07-30 21:08:11,41.4253,21.4547,77.86,32,0,5.68
471,Boras,SE,2021-07-30 21:08:12,57.721,12.9401,63.54,85,98,9.62
472,Galesong,ID,2021-07-30 21:08:12,-5.3166,119.3661,71.62,79,74,9.84
473,Lingao,CN,2021-07-30 21:08:12,19.9103,109.6859,81.99,81,96,8.99
474,Rio Gallegos,AR,2021-07-30 21:08:13,-51.6226,-69.2181,39.25,60,0,18.41
475,Camacha,PT,2021-07-30 20:58:30,33.0833,-16.3333,68.76,78,75,13.8
476,Pangody,RU,2021-07-30 21:08:13,65.85,74.4859,48.87,78,99,11.1
477,Coquimbo,CL,2021-07-30 21:08:14,-29.9533,-71.3436,53.33,76,20,10.36
478,Vila,PT,2021-07-30 21:04:00,42.0304,-8.1588,57.7,75,93,4.63
479,Naryan-Mar,RU,2021-07-30 21:08:14,67.6713,53.087,42.13,90,8,1.41
480,Matara,LK,2021-07-30 21:08:15,5.9485,80.5353,78.13,87,63,11.39
481,Tornio,FI,2021-07-30 21:08:16,65.8481,24.1466,59.02,86,100,9.51
482,Lima,PE,2021-07-30 20:57:12,-12.0432,-77.0282,61.14,77,90,6.91
483,Soe,ID,2021-07-30 21:08:16,-9.8607,124.284,61.79,74,51,2.75
484,Bloemfontein,ZA,2021-07-30 21:04:02,-29.1211,26.214,43.09,40,0,2.86
485,Husavik,IS,2021-07-30 21:08:17,66.0449,-17.3389,52.83,65,3,3.02
486,Vostok,RU,2021-07-30 21:04:56,46.4856,135.8833,67.6,96,100,3.6
487,Visnes,NO,2021-07-30 21:08:18,59.3556,5.2242,61.57,82,75,12.66
488,Gympie,AU,2021-07-30 21:08:18,-26.1898,152.665,51.31,88,0,1.16
489,Bathsheba,BB,2021-07-30 21:08:18,13.2167,-59.5167,84.81,74,40,18.41
490,Tahe,CN,2021-07-30 21:08:19,52.3333,124.7333,52.57,98,100,3.53
491,Olbia,IT,2021-07-30 21:08:20,40.9214,9.4856,78.85,83,0,5.75
492,Maiduguri,NG,2021-07-30 21:08:20,11.8464,13.1603,77.97,75,89,6.67
493,Tarnogskiy Gorodok,RU,2021-07-30 21:08:21,60.4997,43.5761,59.05,93,87,3.11
494,Sabang,ID,2021-07-30 21:08:21,5.8933,95.3214,82.62,74,99,23.96
495,Boyolangu,ID,2021-07-30 20:59:33,-8.1181,111.8935,73.89,93,69,5.7
496,Saiha,IN,2021-07-30 21:08:22,22.4833,92.9667,69.48,99,100,2.84
497,Ormara,PK,2021-07-30 21:08:23,25.2088,64.6357,81.46,84,100,11.81
498,Tuburan,PH,2021-07-30 21:08:23,6.6439,122.2736,81.45,81,68,5.48
499,Saint John,CA,2021-07-30 21:03:55,45.2727,-66.0677,65.43,92,90,11.5
500,Praia,CV,2021-07-30 21:08:24,14.9215,-23.5087,77.54,78,75,12.66
501,Dingle,PH,2021-07-30 21:08:24,10.9995,122.6711,77.72,90,100,6.96
502,Puri,IN,2021-07-30 21:08:25,19.8,85.85,82.38,78,100,9.22
503,Pandan,PH,2021-07-30 21:08:25,14.0453,124.1694,82.89,79,100,11.97
504,Lavrentiya,RU,2021-07-30 21:08:26,65.5833,-171.0,45.54,89,99,7.45
505,Atambua,ID,2021-07-30 20:59:42,-9.1061,124.8925,69.13,83,74,3.98
506,Ouadda,CF,2021-07-30 21:08:27,8.0777,22.4007,66.58,94,82,1.01
507,Graaff-Reinet,ZA,2021-07-30 21:08:27,-32.2522,24.5308,54.72,39,4,2.46
508,Terrace,CA,2021-07-30 21:08:27,54.5163,-128.6035,85.35,44,20,1.28
509,Margate,GB,2021-07-30 21:03:52,51.3813,1.3862,62.46,77,53,1.99
510,Iqaluit,CA,2021-07-30 21:08:28,63.7506,-68.5145,50.31,59,100,1.63
511,Havelock,US,2021-07-30 20:56:46,34.8791,-76.9013,89.02,86,9,7.0
512,Pafos,CY,2021-07-30 21:08:29,34.7667,32.4167,80.51,94,0,5.75
513,Taoudenni,ML,2021-07-30 21:08:29,22.6783,-3.9836,95.09,32,22,18.48
514,Bridlington,GB,2021-07-30 21:08:29,54.0831,-0.1919,59.18,90,97,13.31
515,Sembe,CG,2021-07-30 21:08:30,1.6481,14.5806,74.44,81,92,1.97
516,Madimba,TZ,2021-07-30 21:08:30,-10.4,40.3333,71.92,89,49,13.58
517,Mazamari,PE,2021-07-30 21:08:30,-11.3258,-74.5308,75.31,67,88,1.72
518,Longyan,CN,2021-07-30 21:05:06,25.1072,117.0225,75.06,98,99,1.68
519,Hailin,CN,2021-07-30 21:08:31,44.5833,129.4167,72.12,89,91,1.81
520,Nilakkottai,IN,2021-07-30 21:08:31,10.1648,77.8529,78.24,68,1,3.2
521,Rio Brilhante,BR,2021-07-30 21:08:32,-21.8019,-54.5464,60.53,21,100,5.48
522,Wembley,AU,2021-07-30 21:08:32,-31.9333,115.8,54.68,84,40,1.14
523,Adrar,MR,2021-07-30 21:08:33,20.5022,-10.0711,98.78,20,72,4.81
524,Progreso,MX,2021-07-30 21:08:33,21.2833,-89.6667,95.11,67,8,16.75
525,Onega,RU,2021-07-30 21:08:33,63.9061,38.1404,54.88,94,26,4.97
526,Loubomo,CG,2021-07-30 21:02:15,-4.1997,12.6739,68.9,80,0,6.08
527,Velyka Mykhaylivka,UA,2021-07-30 21:08:34,47.0794,29.8514,73.22,58,0,2.95
528,Sao Filipe,CV,2021-07-30 21:08:34,14.8961,-24.4956,75.49,85,52,9.55
529,Tallahassee,US,2021-07-30 21:07:03,30.4383,-84.2807,98.92,67,75,1.01
530,Arman,RU,2021-07-30 21:04:58,59.7,150.1667,49.73,58,94,7.4
531,Marawi,PH,2021-07-30 21:08:35,7.9986,124.2928,68.65,85,77,3.83
532,Paragominas,BR,2021-07-30 21:08:35,-2.9667,-47.4833,74.3,91,85,2.8
533,Vila Velha,BR,2021-07-30 21:08:36,-20.3297,-40.2925,67.95,56,75,12.66
534,Okato,NZ,2021-07-30 21:08:37,-39.2,173.8833,49.68,79,99,9.75
535,Guiratinga,BR,2021-07-30 21:08:37,-16.3494,-53.7583,77.25,23,0,5.08
536,Xudat,AZ,2021-07-30 21:08:37,41.631,48.681,72.7,54,3,4.18
537,Ocsod,HU,2021-07-30 21:08:38,46.9,20.4,77.32,34,52,6.55
538,Kutum,SD,2021-07-30 21:04:28,14.2,24.6667,75.22,68,91,7.49
