,City,Country,Date,Lat,Lng,Max Temp,Humidity,Cloudiness,Wind Speed
0,Brae,GB,2021-08-01 08:20:42,60.3964,-1.353,51.71,78,35,18.5
1,Ushuaia,AR,2021-08-01 08:21:34,-54.8,-68.3,42.46,65,20,13.8
2,Butaritari,KI,2021-08-01 08:21:44,3.0707,172.7902,83.3,70,23,7.18
3,Charleston,US,2021-08-01 08:20:34,32.7766,-79.9309,84.22,93,75,7.0
4,Saskylakh,RU,2021-08-01 08:21:45,71.9167,114.0833,83.77,24,77,9.82
5,Jamestown,US,2021-08-01 08:21:45,42.097,-79.2353,64.71,91,40,1.01
6,Luleburgaz,TR,2021-08-01 08:21:46,41.4039,27.3592,88.97,33,0,5.32
7,Carnarvon,AU,2021-08-01 08:21:46,-24.8667,113.6333,68.07,61,16,16.11
8,Bluff,NZ,2021-08-01 08:21:46,-46.6,168.3333,44.8,88,46,5.66
9,Husavik,IS,2021-08-01 08:20:09,66.0449,-17.3389,53.51,65,98,4.41
10,Esperance,AU,2021-08-01 08:21:47,-33.8667,121.9,50.95,73,96,22.84
11,Atuona,PF,2021-08-01 08:19:26,-9.8,-139.0333,77.32,64,100,14.05
12,Busselton,AU,2021-08-01 08:21:47,-33.65,115.3333,55.04,57,11,18.34
13,Hermanus,ZA,2021-08-01 08:21:48,-34.4187,19.2345,60.8,79,34,12.33
14,Barrow,US,2021-08-01 08:21:48,71.2906,-156.7887,51.82,84,20,4.61
15,Puerto Ayora,EC,2021-08-01 08:17:56,-0.7393,-90.3518,70.56,90,6,7.0
16,East London,ZA,2021-08-01 08:21:49,-33.0153,27.9116,79.74,13,0,9.22
17,Rikitea,PF,2021-08-01 08:21:49,-23.1203,-134.9692,70.95,71,95,22.84
18,Guerrero Negro,MX,2021-08-01 08:19:51,27.9769,-114.0611,71.06,83,7,9.24
19,Lompoc,US,2021-08-01 08:19:26,34.6391,-120.4579,62.28,89,1,0.0
20,Port Lincoln,AU,2021-08-01 08:21:50,-34.7333,135.8667,55.09,70,6,14.34
21,Albany,US,2021-08-01 08:18:38,42.6001,-73.9662,59.59,87,39,3.13
22,Price,US,2021-08-01 08:21:50,39.5994,-110.8107,65.46,88,75,0.0
23,Clyde River,CA,2021-08-01 08:21:22,70.4692,-68.5914,37.63,100,90,6.91
24,Port Elizabeth,ZA,2021-08-01 08:21:51,-33.918,25.5701,64.09,77,0,18.41
25,Iznoski,RU,2021-08-01 08:21:51,54.9881,35.3108,64.35,88,100,0.98
26,Hambantota,LK,2021-08-01 08:21:19,6.1241,81.1185,87.12,63,100,25.12
27,Gladstone,AU,2021-08-01 08:21:52,-23.85,151.25,69.73,73,5,9.22
28,Mar Del Plata,AR,2021-08-01 08:17:42,-38.0023,-57.5575,44.1,1,6,1.99
29,Vaini,TO,2021-08-01 08:17:59,-21.2,-175.2,73.56,73,40,26.46
30,Ola,RU,2021-08-01 08:21:52,59.5833,151.2833,59.16,74,46,9.46
31,Chokurdakh,RU,2021-08-01 08:21:53,70.6333,147.9167,47.41,49,16,14.29
32,Norman Wells,CA,2021-08-01 08:17:54,65.282,-126.8329,57.24,82,40,0.0
33,Spearfish,US,2021-08-01 08:21:53,44.4908,-103.8594,67.21,57,1,1.01
34,Kapaa,US,2021-08-01 08:19:21,22.0752,-159.319,80.92,77,40,4.0
35,Miri,MY,2021-08-01 08:21:54,4.4148,114.0089,91.54,70,40,8.05
36,Dikson,RU,2021-08-01 08:21:54,73.5069,80.5464,41.34,99,100,6.11
37,Teknaf,BD,2021-08-01 08:21:54,20.8624,92.3058,80.26,90,100,7.45
38,Arraial Do Cabo,BR,2021-08-01 08:18:15,-22.9661,-42.0278,65.89,60,93,13.87
39,Mataura,NZ,2021-08-01 08:21:55,-46.1927,168.8643,44.47,99,100,2.19
40,Haines Junction,CA,2021-08-01 08:19:18,60.7522,-137.5108,57.15,58,15,4.61
41,Nanortalik,GL,2021-08-01 08:19:02,60.1432,-45.2371,49.3,82,100,17.63
42,Asifabad,IN,2021-08-01 08:21:56,19.3667,79.2833,86.32,63,100,14.56
43,Ketchikan,US,2021-08-01 08:19:04,55.3422,-131.6461,57.67,100,90,4.61
44,Khatanga,RU,2021-08-01 08:21:56,71.9667,102.5,72.23,47,98,7.47
45,Herat,AF,2021-08-01 08:21:56,34.5,62.0,86.59,11,0,26.75
46,Marsh Harbour,BS,2021-08-01 08:21:57,26.5412,-77.0636,83.14,74,6,10.92
47,Klaksvik,FO,2021-08-01 08:21:57,62.2266,-6.589,47.32,77,100,10.31
48,Komsomolskiy,UZ,2021-08-01 08:18:16,40.4272,71.7189,93.92,22,88,4.61
49,Ilulissat,GL,2021-08-01 08:19:54,69.2167,-51.1,44.62,93,90,0.0
50,Rovaniemi,FI,2021-08-01 08:21:58,66.5,25.7167,62.01,82,90,11.5
51,Pevek,RU,2021-08-01 08:21:58,69.7008,170.3133,34.03,91,96,19.46
52,Camacha,PT,2021-08-01 08:18:17,33.0833,-16.3333,69.53,68,40,11.5
53,Paracatu,BR,2021-08-01 08:21:59,-17.2222,-46.8747,59.94,71,44,4.76
54,San-Pedro,CI,2021-08-01 08:17:07,4.7485,-6.6363,76.28,88,100,6.51
55,Souillac,MU,2021-08-01 08:19:55,-20.5167,57.5167,75.58,60,75,18.41
56,Natal,BR,2021-08-01 08:19:21,-5.795,-35.2094,72.25,100,75,8.05
57,Punta Arenas,CL,2021-08-01 08:22:00,-53.15,-70.9167,42.91,75,0,18.41
58,Bredasdorp,ZA,2021-08-01 08:18:55,-34.5322,20.0403,60.28,77,63,6.91
59,San Patricio,US,2021-08-01 08:19:09,28.017,-97.5169,84.07,80,4,9.06
60,Northam,GB,2021-08-01 08:19:05,51.0333,-4.2167,64.38,95,95,6.29
61,Thompson,CA,2021-08-01 08:19:40,55.7435,-97.8558,53.76,76,1,0.0
62,Galle,LK,2021-08-01 08:22:01,6.0367,80.217,82.65,74,85,15.41
63,Hobart,AU,2021-08-01 08:16:59,-42.8794,147.3294,45.05,73,20,1.99
64,Lodwar,KE,2021-08-01 08:22:01,3.1191,35.5973,82.87,40,86,10.2
65,Lebu,CL,2021-08-01 08:22:02,-37.6167,-73.65,45.75,70,12,14.47
66,Vrdy,CZ,2021-08-01 08:22:02,49.9215,15.4724,66.54,90,90,3.0
67,Abonnema,NG,2021-08-01 08:22:02,4.7084,6.7931,80.13,74,100,7.11
68,Yar-Sale,RU,2021-08-01 08:22:03,66.8333,70.8333,63.37,55,100,14.0
69,Baft,IR,2021-08-01 08:22:03,29.234,56.6057,84.56,19,11,10.27
70,Akyab,MM,2021-08-01 08:19:32,20.15,92.9,81.66,87,100,10.94
71,Beloha,MG,2021-08-01 08:22:04,-25.1667,45.05,74.68,40,0,12.19
72,Vao,NC,2021-08-01 08:22:04,-22.6667,167.4833,67.89,58,80,21.03
73,Sao Felix Do Xingu,BR,2021-08-01 08:22:05,-6.6447,-51.995,73.24,55,91,1.36
74,Lavrentiya,RU,2021-08-01 08:22:05,65.5833,-171.0,41.29,91,100,4.29
75,Kangaatsiaq,GL,2021-08-01 08:22:05,68.3065,-53.4641,44.35,88,100,8.86
76,Provideniya,RU,2021-08-01 08:22:06,64.3833,-173.3,44.28,81,100,4.7
77,Saint George,US,2021-08-01 08:17:10,37.1041,-113.5841,79.63,54,20,5.99
78,Ponta Do Sol,PT,2021-08-01 08:20:14,32.6667,-17.1,73.0,75,10,6.89
79,Vestmannaeyjar,IS,2021-08-01 08:19:00,63.4427,-20.2734,54.59,94,90,5.75
80,Georgetown,MY,2021-08-01 08:20:23,5.4112,100.3354,80.89,86,40,5.75
81,Tuktoyaktuk,CA,2021-08-01 08:22:07,69.4541,-133.0374,59.58,68,32,14.32
82,Cidreira,BR,2021-08-01 08:20:04,-30.1811,-50.2056,52.21,91,50,7.16
83,Tasiilaq,GL,2021-08-01 08:18:20,65.6145,-37.6368,46.56,78,17,1.57
84,Yichang,CN,2021-08-01 08:22:08,30.7144,111.2847,103.1,34,0,7.61
85,Shenjiamen,CN,2021-08-01 08:22:08,29.9576,122.298,82.09,82,100,6.67
86,Batagay-Alyta,RU,2021-08-01 08:22:09,67.8006,130.4114,73.65,36,5,9.89
87,Yuancheng,CN,2021-08-01 08:22:09,36.652,107.7896,90.18,23,0,8.81
88,Coquimbo,CL,2021-08-01 08:21:09,-29.9533,-71.3436,47.93,87,0,6.91
89,Kapoeta,SS,2021-08-01 08:22:10,4.7717,33.5903,84.18,37,100,19.55
90,Victoria,HK,2021-08-01 08:16:06,22.2855,114.1577,87.76,83,100,1.01
91,Cheremukhovo,RU,2021-08-01 08:22:11,60.3484,59.9851,75.85,45,50,8.43
92,Noumea,NC,2021-08-01 08:18:46,-22.2763,166.4572,70.0,99,75,12.01
93,Leshukonskoye,RU,2021-08-01 08:22:11,64.8989,45.7622,61.99,75,98,7.72
94,Talnakh,RU,2021-08-01 08:18:49,69.4865,88.3972,52.9,90,100,9.6
95,Locri,IT,2021-08-01 08:20:18,38.2414,16.2623,97.99,31,5,1.79
96,Bilibino,RU,2021-08-01 08:22:12,68.0546,166.4372,45.0,50,95,15.61
97,Waipawa,NZ,2021-08-01 08:22:12,-41.4122,175.5153,47.03,91,100,3.09
98,Grand Gaube,MU,2021-08-01 08:22:13,-20.0064,57.6608,75.6,69,0,11.01
99,Alencon,FR,2021-08-01 08:22:13,48.4333,0.0833,59.79,72,84,6.96
100,Spring Hill,US,2021-08-01 08:22:13,28.4769,-82.5255,84.81,92,1,1.01
101,Sitka,US,2021-08-01 08:19:00,57.0531,-135.33,60.69,88,90,3.44
102,Kulu,TR,2021-08-01 08:22:14,39.0951,33.0799,81.93,24,0,9.01
103,The Valley,AI,2021-08-01 08:19:11,18.217,-63.0578,81.1,77,40,16.24
104,Alice Springs,AU,2021-08-01 08:20:25,-23.7,133.8833,74.21,21,29,11.99
105,Nuevo Progreso,MX,2021-08-01 08:22:15,23.1667,-97.95,78.6,92,8,5.95
106,Castro,BR,2021-08-01 08:22:15,-24.7911,-50.0119,43.83,94,100,3.15
107,Hilo,US,2021-08-01 08:20:26,19.7297,-155.09,74.93,86,90,0.0
108,Sembe,CG,2021-08-01 08:22:16,1.6481,14.5806,77.04,82,100,4.0
109,Kaitangata,NZ,2021-08-01 08:20:17,-46.2817,169.8464,48.0,96,100,1.07
110,Shingu,JP,2021-08-01 08:21:18,33.7333,135.9833,87.91,74,99,4.74
111,Kourou,GF,2021-08-01 08:22:17,5.1552,-52.6478,76.1,91,99,4.05
112,Binzhou,CN,2021-08-01 08:22:17,37.3667,118.0167,84.69,71,83,5.1
113,Daru,PG,2021-08-01 08:22:18,-9.0763,143.2092,77.22,80,43,18.03
114,Suntar,RU,2021-08-01 08:22:18,62.1444,117.6319,84.58,26,100,9.98
115,Paita,PE,2021-08-01 08:19:16,-5.0892,-81.1144,64.24,86,5,11.03
116,Kodiak,US,2021-08-01 08:18:09,57.79,-152.4072,54.91,88,1,4.61
117,Oranjemund,NA,2021-08-01 08:22:19,-28.55,16.4333,71.1,23,2,7.4
118,New Norfolk,AU,2021-08-01 08:22:19,-42.7826,147.0587,44.71,71,15,3.0
119,Pacific Grove,US,2021-08-01 08:17:33,36.6177,-121.9166,60.76,91,75,1.01
120,Ostrovnoy,RU,2021-08-01 08:19:29,68.0531,39.5131,52.86,73,25,4.27
121,Saint-Philippe,RE,2021-08-01 08:19:18,-21.3585,55.7679,76.59,80,37,16.46
122,Flinders,AU,2021-08-01 08:22:20,-34.5833,150.8552,55.8,87,99,7.0
123,Maxixe,MZ,2021-08-01 08:22:21,-23.8597,35.3472,72.77,53,0,1.99
124,Isangel,VU,2021-08-01 08:22:17,-19.55,169.2667,69.51,60,0,16.13
125,Atar,MR,2021-08-01 08:19:40,20.5169,-13.0499,85.15,49,58,7.38
126,Port Alfred,ZA,2021-08-01 08:18:57,-33.5906,26.891,71.98,30,100,13.31
127,Luderitz,NA,2021-08-01 08:17:33,-26.6481,15.1594,72.97,26,0,13.73
128,Ahipara,NZ,2021-08-01 08:22:22,-35.1667,173.1667,52.11,85,0,5.46
129,Zelenoborsk,RU,2021-08-01 08:22:22,61.4669,64.0333,63.99,90,100,6.76
130,Dovers,VC,2021-08-01 08:22:23,12.8833,-61.1833,81.34,77,0,18.88
131,La Palma,US,2021-08-01 08:20:27,33.8464,-118.0467,82.35,82,1,1.99
132,Cayenne,GF,2021-08-01 08:22:23,4.9333,-52.3333,76.08,89,40,1.14
133,Avarua,CK,2021-08-01 08:22:24,-21.2078,-159.775,77.05,73,100,16.11
134,Kavieng,PG,2021-08-01 08:22:24,-2.5744,150.7967,82.6,73,5,4.81
135,Calama,CL,2021-08-01 08:22:25,-22.4667,-68.9333,46.89,36,0,19.57
136,Belyy Yar,RU,2021-08-01 08:22:25,53.6039,91.3903,75.09,53,0,8.95
137,Roebourne,AU,2021-08-01 08:22:25,-20.7833,117.1333,74.93,32,6,9.62
138,Novopokrovka,UA,2021-08-01 08:22:26,49.8425,36.5477,88.18,33,0,3.78
139,Coahuayana,MX,2021-08-01 08:21:21,18.7333,-103.6833,76.26,91,89,3.51
140,Hithadhoo,MV,2021-08-01 08:22:26,-0.6,73.0833,82.24,70,96,6.17
141,Hannibal,US,2021-08-01 08:22:27,39.7084,-91.3585,65.34,100,1,3.44
142,Geraldton,AU,2021-08-01 08:19:55,-28.7667,114.6,63.01,55,75,20.71
143,Rio Grande,BR,2021-08-01 08:22:27,-32.035,-52.0986,43.95,93,3,2.75
144,Ancud,CL,2021-08-01 08:20:56,-41.8697,-73.8203,31.53,85,69,4.41
145,Sfantu Gheorghe,RO,2021-08-01 08:22:28,45.8667,25.7833,82.92,62,0,1.99
146,Phan Thiet,VN,2021-08-01 08:19:46,10.9333,108.1,90.68,56,77,17.4
147,Cabo San Lucas,MX,2021-08-01 08:14:50,22.8909,-109.9124,83.52,79,87,1.32
148,San Luis,AR,2021-08-01 08:20:56,-33.295,-66.3356,44.31,41,0,6.78
149,Westport,US,2021-08-01 08:18:25,41.1415,-73.3579,67.86,88,1,1.99
150,Cape Town,ZA,2021-08-01 08:19:07,-33.9258,18.4232,58.87,86,20,1.99
151,Bethel,US,2021-08-01 08:22:29,41.3712,-73.414,61.02,91,1,0.0
152,Penzance,GB,2021-08-01 08:20:00,50.1186,-5.5371,62.76,91,84,12.37
153,Abu Samrah,SY,2021-08-01 08:22:30,35.3029,37.1841,94.55,21,0,9.35
154,Yellowknife,CA,2021-08-01 08:20:16,62.456,-114.3525,67.32,72,20,1.01
155,Tuatapere,NZ,2021-08-01 08:18:30,-46.1333,167.6833,45.82,93,73,3.04
156,Sao Filipe,CV,2021-08-01 08:19:01,14.8961,-24.4956,74.53,85,77,7.47
157,Hami,CN,2021-08-01 08:21:38,42.8,93.45,71.24,54,87,17.34
158,Salalah,OM,2021-08-01 08:21:57,17.0151,54.0924,80.69,83,90,10.36
159,Kisangani,CD,2021-08-01 08:22:12,0.5167,25.2,78.51,73,93,2.73
160,Evensk,RU,2021-08-01 08:22:31,61.95,159.2333,53.49,72,100,4.27
161,Ponta Delgada,PT,2021-08-01 08:21:41,37.7333,-25.6667,72.32,78,20,6.91
162,Usinsk,RU,2021-08-01 08:22:32,65.9939,57.5281,59.76,90,83,18.48
163,Merauke,ID,2021-08-01 08:22:32,-8.4667,140.3333,80.65,74,68,15.79
164,Eydhafushi,MV,2021-08-01 08:22:33,5.1033,73.0708,82.83,74,95,10.25
165,Katsuura,JP,2021-08-01 08:18:59,35.1333,140.3,86.14,75,17,8.43
166,Bambous Virieux,MU,2021-08-01 08:22:33,-20.3428,57.7575,75.45,60,75,18.41
167,San Juan De Arama,CO,2021-08-01 08:22:34,3.3464,-73.8894,68.97,96,100,2.51
168,Krasnovishersk,RU,2021-08-01 08:22:34,60.4078,57.082,68.25,82,42,7.87
169,Chernyshevskiy,RU,2021-08-01 08:19:19,63.0128,112.4714,81.82,24,0,7.85
170,Jombang,ID,2021-08-01 08:22:35,-7.546,112.2331,90.91,55,96,11.56
171,Dzerzhinskoye,RU,2021-08-01 08:21:09,56.8344,95.2283,72.54,50,100,4.79
172,Vila,PT,2021-08-01 08:22:12,42.0304,-8.1588,59.74,71,13,0.81
173,Filingue,NE,2021-08-01 08:22:35,14.3521,3.3168,82.6,64,39,15.3
174,Longyearbyen,SJ,2021-08-01 08:22:36,78.2186,15.6401,44.44,70,20,17.27
175,La Asuncion,VE,2021-08-01 08:22:36,11.0333,-63.8628,78.53,100,13,6.91
176,Nikolskoye,RU,2021-08-01 08:18:36,59.7035,30.7861,66.09,86,92,5.19
177,Tura,IN,2021-08-01 08:20:54,25.5198,90.2201,79.65,87,99,7.11
178,Peleduy,RU,2021-08-01 08:22:37,59.6289,112.7406,79.75,26,60,13.91
179,Torbay,CA,2021-08-01 08:18:26,47.6666,-52.7314,60.67,88,75,13.8
180,Constitucion,CL,2021-08-01 08:20:56,-35.3333,-72.4167,49.21,73,0,7.11
181,Dunedin,NZ,2021-08-01 08:18:22,-45.8742,170.5036,51.8,88,97,3.0
182,Khilok,RU,2021-08-01 08:22:38,51.3674,110.4676,74.84,38,23,4.52
183,Asau,RO,2021-08-01 08:22:38,46.4333,26.4,85.75,50,0,0.72
184,Mullingar,IE,2021-08-01 08:22:39,53.5333,-7.35,55.92,74,23,8.99
185,Lorengau,PG,2021-08-01 08:19:06,-2.0226,147.2712,83.12,77,4,6.87
186,San Jose,US,2021-08-01 08:22:16,37.3394,-121.895,65.71,83,1,4.61
187,Vanavara,RU,2021-08-01 08:22:40,60.34,102.2797,80.06,35,100,6.04
188,Kruisfontein,ZA,2021-08-01 08:19:37,-34.0033,24.7314,61.88,49,87,9.8
189,Narsaq,GL,2021-08-01 08:21:47,60.9167,-46.05,50.22,68,100,0.87
190,Ribeira Grande,PT,2021-08-01 08:19:25,38.5167,-28.7,72.0,78,20,6.91
191,Chulym,RU,2021-08-01 08:22:41,55.0997,80.9572,80.24,43,82,6.93
192,Severo-Kurilsk,RU,2021-08-01 08:19:30,50.6789,156.125,52.5,76,100,19.17
193,Hudson Bay,CA,2021-08-01 08:22:41,52.85,-102.3842,57.18,62,0,4.18
194,Palu,ID,2021-08-01 08:22:42,-0.8917,119.8707,83.37,84,87,3.31
195,Rawson,AR,2021-08-01 08:19:24,-43.3002,-65.1023,44.33,55,87,17.09
196,Praia Da Vitoria,PT,2021-08-01 08:22:15,38.7333,-27.0667,72.75,88,40,12.3
197,Svolvaer,NO,2021-08-01 08:22:42,68.2342,14.5683,49.37,64,100,5.12
198,Caohai,CN,2021-08-01 08:22:43,26.8661,104.2841,72.77,46,2,10.98
199,Niquelandia,BR,2021-08-01 08:22:43,-14.4739,-48.4597,67.01,62,10,5.39
200,Henties Bay,NA,2021-08-01 08:21:24,-22.116,14.2845,76.33,26,0,23.94
201,Saint-Leu,RE,2021-08-01 08:22:44,-21.15,55.2833,76.06,69,8,6.64
202,Faya,SA,2021-08-01 08:20:03,18.3851,42.4509,78.91,48,22,7.49
203,Robertson,US,2021-08-01 08:22:44,36.5167,-86.8667,74.07,97,90,5.75
204,San Cristobal,VE,2021-08-01 08:18:56,7.7669,-72.225,65.32,97,91,5.61
205,Felanitx,ES,2021-08-01 08:22:45,39.4696,3.1483,75.45,65,65,3.42
206,Olafsvik,IS,2021-08-01 08:19:56,64.8945,-23.7142,52.84,96,100,5.3
207,Nemuro,JP,2021-08-01 08:18:10,43.3236,145.575,68.43,99,100,14.43
208,Upernavik,GL,2021-08-01 08:19:03,72.7868,-56.1549,44.76,73,100,7.11
209,Ashtabula,US,2021-08-01 08:22:46,41.7001,-80.7665,67.77,93,75,3.44
210,Anori,BR,2021-08-01 08:22:46,-3.7728,-61.6442,70.2,67,96,3.4
211,Jalu,LY,2021-08-01 08:22:47,29.0331,21.5482,95.31,12,0,5.1
212,Fort Nelson,CA,2021-08-01 08:20:10,58.8053,-122.7002,62.19,77,20,2.3
213,Riacho De Santana,BR,2021-08-01 08:22:47,-13.6092,-42.9389,60.8,77,36,8.57
214,Posse,BR,2021-08-01 08:22:48,-14.0931,-46.3694,60.04,75,100,9.53
215,Shwebo,MM,2021-08-01 08:22:48,22.5667,95.7,88.7,63,99,5.82
216,Taunggyi,MM,2021-08-01 08:22:49,20.7833,97.0333,71.89,85,88,7.25
217,Port Macquarie,AU,2021-08-01 08:20:41,-31.4333,152.9167,73.36,54,0,8.23
218,Sharan,RU,2021-08-01 08:22:49,54.8167,54.0,85.42,30,66,15.05
219,Kpalime,TG,2021-08-01 08:22:50,6.9,0.6333,75.33,82,100,4.43
220,Krasnoselkup,RU,2021-08-01 08:22:50,65.7,82.4667,67.64,43,100,5.28
221,Airai,TL,2021-08-01 08:22:50,-8.9266,125.4092,71.58,50,41,2.89
222,Minab,IR,2021-08-01 08:22:25,27.1467,57.0801,99.9,37,0,10.76
223,Nador,MA,2021-08-01 08:22:51,35.174,-2.9287,82.47,29,0,12.66
224,Portland,US,2021-08-01 08:19:35,45.5234,-122.6762,72.28,75,75,1.01
225,Grindavik,IS,2021-08-01 08:19:32,63.8424,-22.4338,54.55,100,90,4.61
226,Coruripe,BR,2021-08-01 08:22:52,-10.1256,-36.1756,72.88,80,98,18.37
227,Ankazoabo,MG,2021-08-01 08:22:52,-22.2833,44.5167,78.49,24,0,7.18
228,Malakal,SS,2021-08-01 08:22:52,9.5334,31.6605,71.6,92,100,0.78
229,Little Current,CA,2021-08-01 08:22:53,45.9793,-81.9248,57.29,92,100,6.76
230,Dzhida,RU,2021-08-01 08:22:53,50.6772,106.1806,77.13,46,100,3.85
231,Jiaozuo,CN,2021-08-01 08:22:53,35.2397,113.2331,90.61,55,3,12.53
232,Faanui,PF,2021-08-01 08:19:01,-16.4833,-151.75,77.41,67,80,15.17
233,Vila Franca Do Campo,PT,2021-08-01 08:18:51,37.7167,-25.4333,72.01,86,84,5.35
234,Fortuna,US,2021-08-01 08:19:07,40.5982,-124.1573,63.43,91,90,0.0
235,Qaanaaq,GL,2021-08-01 08:22:54,77.484,-69.3632,39.06,95,80,2.53
236,Necochea,AR,2021-08-01 08:22:55,-38.5473,-58.7368,41.43,83,0,3.62
237,College,US,2021-08-01 08:20:35,64.8569,-147.8028,68.32,61,75,0.0
238,Meulaboh,ID,2021-08-01 08:19:10,4.1363,96.1285,80.33,80,99,4.38
239,Shiyan,CN,2021-08-01 08:22:56,32.6475,110.7781,103.37,30,0,3.56
240,Broken Hill,AU,2021-08-01 08:19:14,-31.95,141.4333,54.66,52,4,5.14
241,Riyadh,SA,2021-08-01 08:21:10,24.6877,46.7219,107.65,10,0,5.75
242,Lodja,CD,2021-08-01 08:22:56,-3.4833,23.4333,87.66,21,100,4.54
243,Liwale,TZ,2021-08-01 08:22:57,-9.7667,37.9333,80.76,38,1,9.48
244,Handia,IN,2021-08-01 08:22:57,25.3833,82.1833,85.87,86,100,14.45
245,Catamarca,AR,2021-08-01 08:20:46,-28.4696,-65.7852,47.77,62,0,4.09
246,Matara,LK,2021-08-01 08:20:42,5.9485,80.5353,85.14,67,100,15.5
247,Lenger,KZ,2021-08-01 08:22:58,42.183,69.8839,94.44,14,86,9.04
248,Santa Rosa,PH,2021-08-01 08:22:58,14.3122,121.1114,90.09,65,100,17.0
249,Fairbanks,US,2021-08-01 08:20:05,64.8378,-147.7164,68.34,62,1,8.05
250,Saldanha,ZA,2021-08-01 08:19:08,-33.0117,17.9442,59.05,83,37,7.36
251,San Juan,AR,2021-08-01 08:22:59,-31.5375,-68.5364,45.59,46,19,1.63
252,Cay,TR,2021-08-01 08:22:59,38.5917,31.0286,81.95,31,0,4.72
253,Almaznyy,RU,2021-08-01 08:23:00,48.0448,40.045,87.94,38,2,2.59
254,Nago,JP,2021-08-01 08:23:00,26.5881,127.9761,87.46,78,98,13.13
255,Kawalu,ID,2021-08-01 08:23:00,-7.3817,108.2082,76.41,86,73,5.79
256,Maceio,BR,2021-08-01 08:21:54,-9.6658,-35.7353,74.64,83,40,16.11
257,Scarborough,GB,2021-08-01 08:18:18,54.2797,-0.4044,58.66,90,99,1.01
258,Tessalit,ML,2021-08-01 08:23:01,20.1986,1.0114,91.06,32,89,17.63
259,Port Hardy,CA,2021-08-01 08:21:28,50.6996,-127.4199,55.58,94,90,2.3
260,Cairns,AU,2021-08-01 08:23:02,-16.9167,145.7667,76.06,76,31,3.44
261,Mporokoso,ZM,2021-08-01 08:23:02,-9.3727,30.125,69.93,40,0,10.98
262,Mahebourg,MU,2021-08-01 08:21:03,-20.4081,57.7,75.49,60,75,18.41
263,Richards Bay,ZA,2021-08-01 08:23:02,-28.783,32.0377,72.68,30,1,7.65
264,Carlagan,PH,2021-08-01 08:23:03,14.975,122.0456,87.39,66,100,16.69
265,Nambucca Heads,AU,2021-08-01 08:23:03,-30.65,153.0,68.0,56,1,6.04
266,Vila Velha,BR,2021-08-01 08:21:23,-20.3297,-40.2925,70.97,78,75,3.44
267,Sorland,NO,2021-08-01 08:19:54,67.667,12.6934,48.63,72,74,11.27
268,Miles City,US,2021-08-01 08:23:04,46.4083,-105.8406,74.37,33,1,6.91
269,Dalmeny,CA,2021-08-01 08:23:05,52.3334,-106.7679,65.68,59,20,3.44
270,Laguna,US,2021-08-01 08:23:05,38.421,-121.4238,82.24,63,1,1.01
271,Joensuu,FI,2021-08-01 08:23:05,62.6012,29.7632,69.28,75,75,3.0
272,Kanniyakumari,IN,2021-08-01 08:19:08,8.0833,77.5667,86.23,64,62,23.89
273,Francheville,FR,2021-08-01 08:23:06,45.7388,4.7722,64.83,76,90,9.22
274,Kuito,AO,2021-08-01 08:23:06,-12.3833,16.9333,60.94,36,0,10.36
275,Tignere,CM,2021-08-01 08:23:07,7.3667,12.65,66.2,94,100,2.28
276,Mago,RU,2021-08-01 08:23:07,53.2514,140.1822,60.46,68,100,1.86
277,Mount Gambier,AU,2021-08-01 08:20:09,-37.8333,140.7667,46.02,96,59,5.32
278,General Pico,AR,2021-08-01 08:20:37,-35.6566,-63.7568,38.57,81,0,3.6
279,Chichimila,MX,2021-08-01 08:23:08,20.6167,-88.2167,74.16,98,100,2.39
280,Fort Saint James,CA,2021-08-01 08:21:59,54.4333,-124.25,64.2,56,51,1.34
281,Hofn,IS,2021-08-01 08:20:03,64.2539,-15.2082,48.22,93,90,2.3
282,Chuy,UY,2021-08-01 08:18:58,-33.6971,-53.4616,45.52,93,0,2.28
283,Sungairaya,ID,2021-08-01 08:20:58,0.7,108.9,87.64,62,38,10.85
284,Saint-Georges,GD,2021-08-01 08:23:09,12.0564,-61.7485,79.97,83,17,13.89
285,Pisco,PE,2021-08-01 08:23:10,-13.7,-76.2167,62.65,82,90,4.61
286,Damoh,IN,2021-08-01 08:21:07,23.8333,79.45,76.37,90,100,17.0
287,Bay Roberts,CA,2021-08-01 08:23:10,47.5999,-53.2648,61.43,91,33,1.99
288,Greeley,US,2021-08-01 08:23:11,40.4233,-104.7091,67.78,89,1,0.0
289,Kotovo,RU,2021-08-01 08:23:11,50.3211,44.8012,90.32,28,6,5.77
290,Wichita Falls,US,2021-08-01 08:23:12,33.9137,-98.4934,82.42,74,1,3.44
291,Yerbogachen,RU,2021-08-01 08:23:12,61.2767,108.0108,79.83,27,0,10.87
292,Qarayeri,AZ,2021-08-01 08:23:12,40.7886,46.3066,85.08,51,75,4.61
293,Bendigo,AU,2021-08-01 08:23:13,-36.7667,144.2833,49.86,44,4,4.25
294,Zhigansk,RU,2021-08-01 08:19:35,66.7697,123.3711,81.07,38,42,11.63
295,Huarmey,PE,2021-08-01 08:23:13,-10.0681,-78.1522,63.55,86,55,6.89
296,Okha,RU,2021-08-01 08:23:14,53.5739,142.9478,57.67,73,90,7.65
297,Manono,CD,2021-08-01 08:23:14,-7.3,27.4167,82.49,31,4,12.39
298,Menongue,AO,2021-08-01 08:21:10,-14.6585,17.691,66.79,31,0,12.39
299,Danielskuil,ZA,2021-08-01 08:23:15,-28.1887,23.5395,60.21,28,35,12.12
300,Erdenet,MN,2021-08-01 08:23:15,49.0333,104.0833,65.79,65,100,6.15
301,Thiadiaye,SN,2021-08-01 08:23:15,14.4205,-16.7056,77.81,83,100,3.06
302,Iqaluit,CA,2021-08-01 08:20:12,63.7506,-68.5145,51.53,66,75,2.3
303,Urumqi,CN,2021-08-01 08:18:23,43.801,87.6005,79.75,21,0,8.95
304,Lagoa,PT,2021-08-01 08:20:20,39.05,-27.9833,70.93,88,21,14.25
305,Oksfjord,NO,2021-08-01 08:23:16,70.2396,22.3479,48.27,83,100,4.09
306,Kormilovka,RU,2021-08-01 08:23:17,55.0026,74.1028,80.35,44,90,4.94
307,Kloulklubed,PW,2021-08-01 08:23:17,7.0419,134.2556,84.09,75,100,13.47
308,Taoudenni,ML,2021-08-01 08:23:17,22.6783,-3.9836,97.11,28,2,14.83
309,Hearst,CA,2021-08-01 08:23:18,49.6835,-83.6665,53.85,86,100,4.65
310,Padang,ID,2021-08-01 08:23:18,-0.9492,100.3543,86.05,84,92,6.93
311,Camana,PE,2021-08-01 08:23:18,-16.6228,-72.7111,60.76,86,99,8.46
312,Roma,US,2021-08-01 08:17:33,43.2128,-75.4557,60.39,88,20,5.75
313,Los Llanos De Aridane,ES,2021-08-01 08:23:19,28.6585,-17.9182,68.13,87,40,19.57
314,Yibin,CN,2021-08-01 08:23:19,28.7667,104.6238,98.85,31,0,2.37
315,Beni,CD,2021-08-01 08:23:20,0.5,29.4667,79.79,32,93,8.08
316,Port Hawkesbury,CA,2021-08-01 08:23:20,45.6169,-61.3485,59.59,89,1,1.01
317,Poum,NC,2021-08-01 08:19:11,-20.2333,164.0167,70.2,60,8,21.39
318,Vardo,NO,2021-08-01 08:21:13,70.3705,31.1107,49.08,93,100,8.14
319,Kuryk,KZ,2021-08-01 08:23:21,43.2,51.65,89.94,29,62,11.83
320,Dudinka,RU,2021-08-01 08:20:55,69.4058,86.1778,60.12,66,100,15.84
321,Cao Bang,VN,2021-08-01 08:23:22,22.6667,106.25,76.12,98,100,1.12
322,Aleksandrov Gay,RU,2021-08-01 08:21:12,50.147,48.5704,95.49,15,99,2.75
323,Sompeta,IN,2021-08-01 08:23:22,18.9333,84.6,91.65,58,99,11.43
324,Abalak,RU,2021-08-01 08:23:23,58.1286,68.5944,65.34,90,100,8.9
325,Itatskiy,RU,2021-08-01 08:23:23,56.07,89.0369,73.4,47,95,9.1
326,Yulara,AU,2021-08-01 08:19:48,-25.2406,130.9889,71.44,33,0,12.66
327,Seymchan,RU,2021-08-01 08:23:23,62.8833,152.4333,41.16,80,100,17.0
328,Rio Gallegos,AR,2021-08-01 08:23:24,-51.6226,-69.2181,44.65,61,0,14.97
329,Wajima,JP,2021-08-01 08:19:26,37.4,136.9,84.88,74,40,5.75
330,Araouane,ML,2021-08-01 08:21:31,18.9048,-3.5265,89.69,44,48,16.53
331,Harper,LR,2021-08-01 08:19:40,4.375,-7.7169,77.25,80,97,10.13
332,Saint-Pierre,RE,2021-08-01 08:23:25,-21.3393,55.4781,76.68,63,0,23.02
333,Bengkulu,ID,2021-08-01 08:23:25,-3.8004,102.2655,82.53,75,85,7.27
334,Olivehurst,US,2021-08-01 08:23:25,39.0955,-121.5522,83.91,44,1,8.05
335,Saint Anthony,US,2021-08-01 08:19:17,45.0205,-93.218,67.62,68,1,1.99
336,Polunochnoye,RU,2021-08-01 08:23:26,60.8697,60.4153,75.49,44,29,9.57
337,Long Branch,US,2021-08-01 08:23:26,40.3043,-73.9924,69.94,85,1,4.61
338,Magole,TZ,2021-08-01 08:23:27,-6.3667,37.3667,80.29,45,22,4.68
339,Mtimbira,TZ,2021-08-01 08:23:27,-8.7833,36.35,74.28,63,73,4.12
340,Hedaru,TZ,2021-08-01 08:23:28,-4.5,37.9,77.0,42,44,12.84
341,Dingle,PH,2021-08-01 08:19:08,10.9995,122.6711,85.89,72,91,13.67
342,Hasaki,JP,2021-08-01 08:23:28,35.7333,140.8333,88.29,81,9,10.16
343,Bam,IR,2021-08-01 08:23:29,29.106,58.357,99.55,9,0,18.84
344,Manicore,BR,2021-08-01 08:23:29,-5.8092,-61.3003,69.75,94,0,0.0
345,Bathsheba,BB,2021-08-01 08:23:29,13.2167,-59.5167,79.88,78,16,13.8
346,Pangnirtung,CA,2021-08-01 08:19:25,66.1451,-65.7125,46.71,78,29,3.36
347,Lakes Entrance,AU,2021-08-01 08:19:11,-37.8811,147.981,50.18,68,1,9.46
348,Pangody,RU,2021-08-01 08:23:30,65.85,74.4859,67.87,43,99,15.57
349,Honningsvag,NO,2021-08-01 08:23:30,70.9821,25.9704,45.14,83,100,9.98
350,Jorpeland,NO,2021-08-01 08:23:31,59.0225,6.0408,60.78,46,15,6.29
351,Roald,NO,2021-08-01 08:21:49,62.5833,6.1333,58.91,76,75,14.97
352,Flagstaff,US,2021-08-01 08:23:31,35.1981,-111.6513,64.44,80,1,4.0
353,Poroshkovo,UA,2021-08-01 08:23:32,48.6683,22.7533,79.02,49,3,4.79
354,Pustoshka,RU,2021-08-01 08:23:32,56.3355,29.369,76.06,46,66,7.63
355,Plettenberg Bay,ZA,2021-08-01 08:23:33,-34.0527,23.3716,62.26,61,45,7.0
356,Virginia Beach,US,2021-08-01 08:19:40,36.8529,-75.978,77.0,86,90,4.61
357,Santa Isabel Do Rio Negro,BR,2021-08-01 08:23:33,-0.4139,-65.0192,73.53,80,100,2.42
358,Soyo,AO,2021-08-01 08:23:34,-6.1349,12.3689,73.45,75,100,3.94
359,Cururupu,BR,2021-08-01 08:23:34,-1.8283,-44.8683,75.69,84,87,2.59
360,Sao Joao Da Barra,BR,2021-08-01 08:23:34,-21.6403,-41.0511,65.59,59,100,9.66
361,Katobu,ID,2021-08-01 08:23:35,-4.9408,122.5276,81.07,80,56,4.65
362,Dzilam Gonzalez,MX,2021-08-01 08:23:35,21.2833,-88.9333,74.61,95,98,4.32
363,Mednogorsk,RU,2021-08-01 08:23:36,51.4128,57.595,92.1,26,7,14.47
364,San Rafael,AR,2021-08-01 08:23:36,-34.6177,-68.3301,43.92,65,0,4.43
365,Alta Floresta,BR,2021-08-01 08:23:36,-9.8756,-56.0861,64.35,53,6,3.67
366,Walvis Bay,NA,2021-08-01 08:23:37,-22.9575,14.5053,79.75,17,0,25.32
367,Beatrice,US,2021-08-01 08:23:37,40.2681,-96.747,69.44,94,75,0.0
368,Yerofey Pavlovich,RU,2021-08-01 08:23:38,53.9667,121.9667,51.19,98,100,3.42
369,Tiznit,MA,2021-08-01 08:19:07,29.5833,-9.5,80.11,37,0,2.91
370,Aguascalientes,MX,2021-08-01 08:23:39,21.8833,-102.3,60.6,71,29,6.33
371,Kumluca,TR,2021-08-01 08:23:39,36.3703,30.2869,95.5,33,0,2.3
372,San Pedro De Macoris,DO,2021-08-01 08:23:39,18.4616,-69.2972,75.33,92,74,6.85
373,Kemin,KG,2021-08-01 08:20:33,42.7846,75.6892,90.73,14,52,7.02
374,Orbetello,IT,2021-08-01 08:23:40,42.4408,11.2196,88.38,73,100,14.67
375,Kyren,RU,2021-08-01 08:23:40,51.6828,102.1408,65.75,82,100,1.7
376,Loa Janan,ID,2021-08-01 08:23:40,-0.583,117.095,83.28,77,87,5.26
377,Kenderes,HU,2021-08-01 08:23:41,47.25,20.6833,84.22,33,8,11.72
378,Korla,CN,2021-08-01 08:23:41,41.7597,86.1469,87.82,18,27,11.59
379,Ilhabela,BR,2021-08-01 08:23:42,-23.7781,-45.3581,59.4,85,100,4.25
380,Nioro,GM,2021-08-01 08:22:11,13.35,-15.75,76.91,88,100,2.77
381,Kabo,CF,2021-08-01 08:23:42,7.6994,18.629,72.48,92,100,1.97
382,Lasa,IT,2021-08-01 08:21:36,46.6166,10.7002,62.06,83,100,1.52
383,Asyut,EG,2021-08-01 08:20:54,27.181,31.1837,98.56,14,18,3.24
384,Ust-Tsilma,RU,2021-08-01 08:19:13,65.441,52.1498,64.42,75,100,7.76
385,Tarko-Sale,RU,2021-08-01 08:21:57,64.9225,77.785,66.99,44,65,6.62
386,Comarapa,BO,2021-08-01 08:23:43,-17.9,-64.4833,48.18,79,100,3.29
387,Fairlie,GB,2021-08-01 08:23:44,55.756,-4.8556,60.22,71,94,4.0
388,Pierre,US,2021-08-01 08:19:13,44.3683,-100.351,64.99,78,1,5.99
389,Peniche,PT,2021-08-01 08:22:58,39.3558,-9.3811,69.62,82,68,7.05
390,Alofi,NU,2021-08-01 08:18:51,-19.0595,-169.9187,75.09,100,57,8.05
391,Belmonte,BR,2021-08-01 08:19:15,-15.8631,-38.8828,63.1,84,98,11.25
392,Charters Towers,AU,2021-08-01 08:19:16,-20.1,146.2667,77.65,39,38,10.83
393,Basco,PH,2021-08-01 08:23:45,20.4487,121.9702,81.66,89,100,27.49
394,Gamba,GA,2021-08-01 08:23:46,-2.65,10.0,77.0,72,40,4.63
395,Xining,CN,2021-08-01 08:22:54,36.6167,101.7667,84.69,27,84,6.46
396,Zaragoza,ES,2021-08-01 08:23:46,41.6561,-0.8773,68.14,52,0,10.0
397,Kortkeros,RU,2021-08-01 08:23:47,61.8106,51.5806,66.2,84,96,9.26
398,Ayolas,PY,2021-08-01 08:23:47,-27.4,-56.9,52.11,69,66,2.42
399,Kavaratti,IN,2021-08-01 08:23:48,10.5669,72.642,82.6,76,89,15.64
400,Lusambo,CD,2021-08-01 08:23:48,-4.9667,23.45,89.56,16,34,7.25
401,Celano,IT,2021-08-01 08:23:48,42.0855,13.5398,84.94,27,2,19.22
402,Puerto Colombia,CO,2021-08-01 08:23:49,10.9878,-74.9547,80.69,84,8,10.47
403,Pemba,MZ,2021-08-01 08:21:51,-12.974,40.5178,81.3,65,40,20.71
404,Manggar,ID,2021-08-01 08:23:49,-2.8833,108.2667,85.19,66,31,13.6
405,Maumere,ID,2021-08-01 08:23:50,-8.6199,122.2111,82.36,72,56,7.9
406,Raga,SS,2021-08-01 08:23:50,8.4596,25.678,73.17,89,100,3.42
407,Praia,CV,2021-08-01 08:20:30,14.9215,-23.5087,75.74,73,75,11.5
408,Muana,BR,2021-08-01 08:23:51,-1.5283,-49.2167,72.21,95,99,1.01
409,Nabire,ID,2021-08-01 08:21:10,-3.3667,135.4833,81.34,84,100,3.69
410,Batagay,RU,2021-08-01 08:22:13,67.6333,134.6333,69.69,30,0,9.98
411,Kendari,ID,2021-08-01 08:23:52,-3.945,122.4989,81.45,81,65,3.42
412,Bonavista,CA,2021-08-01 08:23:52,48.6499,-53.1147,61.12,81,77,19.37
413,Husum,DE,2021-08-01 08:23:52,54.4858,9.0524,65.19,64,26,14.12
414,Buala,SB,2021-08-01 08:23:53,-8.145,159.5921,79.03,83,100,7.49
415,Aljezur,PT,2021-08-01 08:23:54,37.3191,-8.8033,66.16,71,44,13.09
416,Botou,CN,2021-08-01 08:23:54,38.0667,116.5667,85.41,58,0,9.55
417,Hualmay,PE,2021-08-01 08:21:41,-11.0964,-77.6139,61.97,88,83,7.74
418,Ushtobe,KZ,2021-08-01 08:23:55,45.2514,77.9838,93.85,8,0,19.6
419,Molochnoye,RU,2021-08-01 08:23:55,59.2917,39.6787,74.21,45,99,11.05
420,Malatya,TR,2021-08-01 08:23:56,38.5,38.0,86.05,27,20,5.75
421,San Jeronimo,PE,2021-08-01 08:23:56,-11.9472,-75.2829,48.29,70,96,1.21
422,Ambilobe,MG,2021-08-01 08:20:18,-13.2,49.05,89.82,27,1,5.39
423,Minsk,BY,2021-08-01 08:23:57,53.9,27.5667,74.95,56,96,8.23
424,Crestview,US,2021-08-01 08:23:57,30.7621,-86.5705,79.88,92,1,1.99
425,Okhotsk,RU,2021-08-01 08:20:56,59.3833,143.3,70.81,59,0,6.02
426,Hamilton,US,2021-08-01 08:23:58,39.1834,-84.5333,62.73,92,1,1.99
427,Puro,PH,2021-08-01 08:23:58,12.4841,123.3827,86.09,72,100,20.71
428,Ballina,AU,2021-08-01 08:23:48,-28.8667,153.5667,73.58,70,0,9.28
429,Sumbe,AO,2021-08-01 08:23:59,-11.2061,13.8437,73.99,74,74,5.79
430,Slave Lake,CA,2021-08-01 08:21:12,55.2834,-114.769,66.18,82,1,4.61
431,Fujin,CN,2021-08-01 08:23:59,47.26,132.0322,89.04,44,100,12.68
432,Mathathane,BW,2021-08-01 08:21:18,-22.2687,28.7495,65.52,45,0,3.38
433,Beyla,GN,2021-08-01 08:24:00,8.6833,-8.6333,67.69,99,100,2.93
434,Moberly,US,2021-08-01 08:24:01,39.4184,-92.4382,63.59,94,1,4.61
435,Middelburg,ZA,2021-08-01 08:24:01,-25.7751,29.4648,59.49,23,5,7.83
436,Inhambane,MZ,2021-08-01 08:21:01,-23.865,35.3833,72.19,55,0,2.1
437,Xai-Xai,MZ,2021-08-01 08:24:01,-25.0519,33.6442,70.61,56,0,5.77
438,Izumo,JP,2021-08-01 08:24:02,35.3667,132.7667,89.49,58,40,12.66
439,Nova Olimpia,BR,2021-08-01 08:24:02,-14.7972,-57.2881,61.23,40,3,2.57
440,Marsaxlokk,MT,2021-08-01 08:24:03,35.8419,14.5431,95.61,38,0,10.36
441,Alghero,IT,2021-08-01 08:24:03,40.5589,8.3181,80.69,69,40,4.61
442,Dharchula,IN,2021-08-01 08:24:04,29.85,80.5333,78.96,87,98,3.09
443,Bethanien,NA,2021-08-01 08:20:52,-26.502,17.1583,63.66,24,0,10.45
444,Gornyy,RU,2021-08-01 08:24:04,55.1153,83.9059,80.55,32,83,5.14
445,Torbeyevo,RU,2021-08-01 08:22:09,54.0797,43.2473,78.24,50,97,5.46
446,Nosy Varika,MG,2021-08-01 08:21:22,-20.5833,48.5333,71.85,67,51,4.21
447,Tenenkou,ML,2021-08-01 08:24:05,14.4572,-4.9169,80.55,67,86,7.99
448,Imamoglu,TR,2021-08-01 08:24:05,37.2651,35.6572,92.91,13,0,5.23
449,Gunjur,GM,2021-08-01 08:24:06,13.2019,-16.7339,75.27,100,75,0.0
450,Nishihara,JP,2021-08-01 08:18:56,26.1842,127.7558,86.68,88,75,19.57
451,Wilmington Island,US,2021-08-01 08:19:45,32.0036,-80.9737,82.98,65,40,9.22
452,Caranavi,BO,2021-08-01 08:24:06,-15.8167,-67.55,57.42,80,98,2.21
453,Gorontalo,ID,2021-08-01 08:17:06,0.5412,123.0595,84.54,75,100,4.43
454,Victoria Point,AU,2021-08-01 08:24:07,-27.5833,153.3,71.19,88,0,1.99
455,Karoi,ZW,2021-08-01 08:19:09,-16.8099,29.6925,66.45,45,0,7.74
456,Resistencia,AR,2021-08-01 08:24:08,-27.4606,-58.9839,48.25,88,0,2.3
457,Tahe,CN,2021-08-01 08:24:08,52.3333,124.7333,52.59,94,100,4.88
458,Mazagao,BR,2021-08-01 08:24:09,-0.115,-51.2894,78.85,97,100,3.04
459,Thinadhoo,MV,2021-08-01 08:22:19,0.5333,72.9333,81.99,71,76,1.59
460,Orocue,CO,2021-08-01 08:24:09,4.7912,-71.3354,73.13,87,88,4.56
461,Ucluelet,CA,2021-08-01 08:24:10,48.9329,-125.5528,69.1,92,99,12.03
462,La Libertad,EC,2021-08-01 08:21:18,-2.2333,-80.9,69.53,84,100,11.45
463,Babylon,US,2021-08-01 08:20:26,40.6957,-73.3257,69.78,82,1,0.0
464,Riachao,BR,2021-08-01 08:24:10,-7.3619,-46.6172,72.54,62,95,10.94
465,Nome,US,2021-08-01 08:19:58,64.5011,-165.4064,48.27,87,90,5.75
466,Amahai,ID,2021-08-01 08:24:11,-3.3333,128.9167,81.68,78,100,5.39
467,Verkhnevilyuysk,RU,2021-08-01 08:24:11,63.4453,120.3167,84.54,27,15,6.13
468,Bakhmach,UA,2021-08-01 08:24:12,51.1808,32.7569,84.83,42,0,9.42
469,Eyl,SO,2021-08-01 08:24:12,7.9803,49.8164,89.98,35,99,28.03
470,Ambanja,MG,2021-08-01 08:24:12,-13.6833,48.45,84.07,33,0,3.53
471,Codrington,AU,2021-08-01 08:20:28,-38.2667,141.9667,46.94,91,60,7.58
472,Jagdispur,IN,2021-08-01 08:24:13,25.4833,84.4167,87.62,53,60,11.45
473,Cherskiy,RU,2021-08-01 08:23:06,68.75,161.3,42.3,60,98,20.07
474,Chicama,PE,2021-08-01 08:22:21,-7.8447,-79.1469,62.91,87,27,3.83
475,Sandpoint,US,2021-08-01 08:24:14,48.2766,-116.5533,83.16,47,1,5.75
476,Barmer,IN,2021-08-01 08:24:14,25.75,71.3833,87.76,57,100,17.05
477,Ahuimanu,US,2021-08-01 08:24:15,21.4447,-157.8378,78.51,67,75,11.5
478,Tolmachevo,RU,2021-08-01 08:21:10,54.9824,82.7363,82.38,32,0,11.18
479,Parkes,AU,2021-08-01 08:24:15,-33.1333,148.1833,45.99,95,82,9.15
480,Sao Miguel Do Araguaia,BR,2021-08-01 08:24:16,-13.275,-50.1628,70.88,47,30,3.29
481,Aklavik,CA,2021-08-01 08:24:16,68.2191,-135.0107,70.63,50,100,8.9
482,Juneau,US,2021-08-01 08:24:16,58.3019,-134.4197,64.4,72,40,9.22
483,Buchanan,LR,2021-08-01 08:24:17,5.8808,-10.0467,73.36,83,100,9.82
484,Los Reyes,MX,2021-08-01 08:23:19,19.35,-98.9667,58.91,88,75,0.0
485,Dongning,CN,2021-08-01 08:24:17,44.0622,131.1207,85.69,58,73,11.83
486,Belturbet,IE,2021-08-01 08:24:18,54.1,-7.45,57.61,66,100,7.81
487,Tonala,MX,2021-08-01 08:24:18,20.6167,-103.2333,67.12,85,75,19.57
488,Samfya,ZM,2021-08-01 08:24:19,-11.3649,29.5565,68.85,51,23,12.95
489,Senekal,ZA,2021-08-01 08:24:19,-28.3197,27.6208,57.83,21,0,8.23
490,Arman,RU,2021-08-01 08:24:20,59.7,150.1667,61.54,71,32,3.33
491,Porto Novo,BJ,2021-08-01 08:19:45,6.4965,2.6036,80.42,73,100,7.4
492,Tiksi,RU,2021-08-01 08:19:11,71.6872,128.8694,48.34,73,2,6.53
493,Bismarck,US,2021-08-01 08:24:00,46.8083,-100.7837,62.87,72,1,3.44
494,Gizo,SB,2021-08-01 08:19:50,-8.103,156.8419,81.19,78,89,16.98
495,San Bartolome De Tirajana,ES,2021-08-01 08:24:21,27.9248,-15.5733,64.31,81,40,32.21
496,Maniitsoq,GL,2021-08-01 08:19:37,65.4167,-52.9,49.39,70,24,9.51
497,Minas,UY,2021-08-01 08:20:28,-34.3759,-55.2377,36.07,83,0,1.21
498,Yamoussoukro,CI,2021-08-01 08:24:21,6.8206,-5.2767,71.49,94,75,4.61
499,Hare Bay,CA,2021-08-01 08:24:22,48.8499,-54.0148,56.55,81,23,11.61
500,Rocha,UY,2021-08-01 08:19:57,-34.4833,-54.3333,42.39,91,0,2.55
501,Warrnambool,AU,2021-08-01 08:20:35,-38.3833,142.4833,50.81,82,93,9.69
502,Auki,SB,2021-08-01 08:24:22,-8.7676,160.7034,77.77,85,100,9.01
503,Fare,PF,2021-08-01 08:21:56,-16.7,-151.0167,76.78,66,82,15.08
504,Olinda,BR,2021-08-01 08:19:05,-8.0089,-34.8553,76.73,83,75,23.02
505,Adrar,MR,2021-08-01 08:20:04,20.5022,-10.0711,87.75,41,92,17.58
506,Zalaegerszeg,HU,2021-08-01 08:20:26,46.84,16.8439,74.79,65,100,8.86
507,Atambua,ID,2021-08-01 08:24:23,-9.1061,124.8925,81.59,58,61,2.08
508,Ust-Nera,RU,2021-08-01 08:24:24,64.5667,143.2,61.9,39,1,11.01
509,Cortes,ES,2021-08-01 08:24:24,41.9395,-1.4396,65.48,50,25,16.87
510,Bontang,ID,2021-08-01 08:24:22,0.1333,117.5,84.52,70,98,10.11
511,Annau,TM,2021-08-01 08:24:25,37.8876,58.516,96.3,11,20,4.61
512,Muravlenko,RU,2021-08-01 08:24:25,63.7898,74.523,68.22,46,100,13.29
513,Naze,JP,2021-08-01 08:24:26,28.3667,129.4833,83.32,84,83,14.07
514,Petropavlovsk-Kamchatskiy,RU,2021-08-01 08:21:05,53.0452,158.6483,59.59,82,75,6.71
515,Whitianga,NZ,2021-08-01 08:24:26,-36.8333,175.7,53.02,81,100,4.43
516,San Matias,BO,2021-08-01 08:24:27,-16.3667,-58.4,62.31,41,11,4.29
517,Coxim,BR,2021-08-01 08:24:27,-18.5067,-54.76,60.71,36,11,6.98
518,Yining,CN,2021-08-01 08:21:55,29.0361,114.5636,98.74,37,12,2.95
519,Vallenar,CL,2021-08-01 08:24:27,-28.5708,-70.7581,62.22,23,0,4.14
520,Quixere,BR,2021-08-01 08:24:28,-5.0742,-37.9886,72.45,75,92,11.18
521,Smirnykh,RU,2021-08-01 08:24:28,49.75,142.8333,62.73,61,98,7.14
522,Ardahan,TR,2021-08-01 08:24:29,41.1087,42.7022,72.88,47,15,3.13
523,Vangaindrano,MG,2021-08-01 08:20:09,-23.35,47.6,70.25,71,79,1.36
524,Chapada Dos Guimaraes,BR,2021-08-01 08:24:29,-15.4606,-55.7497,58.66,38,3,0.56
525,Waddan,LY,2021-08-01 08:24:30,29.1614,16.139,95.07,14,0,2.84
526,Tabuk,PH,2021-08-01 08:21:55,17.4189,121.4443,90.54,61,100,3.06
527,Havre-Saint-Pierre,CA,2021-08-01 08:20:42,50.2334,-63.5986,50.36,100,20,4.61
528,Balaghat,IN,2021-08-01 08:24:30,21.8,80.1833,75.04,93,100,11.16
529,Oriximina,BR,2021-08-01 08:19:17,-1.7656,-55.8661,71.06,96,41,3.33
530,Xuddur,SO,2021-08-01 08:24:31,4.1213,43.8894,81.3,52,81,25.61
531,Itoman,JP,2021-08-01 08:24:31,26.1247,127.6694,87.4,89,75,19.57
532,Berlevag,NO,2021-08-01 08:24:32,70.8578,29.0864,48.27,96,100,5.37
533,Shiliguri,IN,2021-08-01 08:20:58,26.7,88.4333,88.57,71,63,7.07
534,Tucurui,BR,2021-08-01 08:24:33,-3.7661,-49.6725,70.95,98,73,2.57
535,Kopavogur,IS,2021-08-01 08:24:33,64.1123,-21.913,55.31,94,90,2.3
536,Palmer,US,2021-08-01 08:21:20,42.1584,-72.3287,57.85,93,1,0.0
537,Nouadhibou,MR,2021-08-01 08:24:34,20.931,-17.0347,71.58,88,20,11.5
538,Waingapu,ID,2021-08-01 08:24:34,-9.6567,120.2641,83.17,63,49,9.71
539,Buraydah,SA,2021-08-01 08:22:15,26.326,43.975,102.65,10,0,8.08
540,Red Bank,US,2021-08-01 08:19:47,40.3471,-74.0643,69.82,83,1,4.61
541,Port-Gentil,GA,2021-08-01 08:21:28,-0.7193,8.7815,78.76,78,75,6.91
542,Pombas,CV,2021-08-01 08:24:35,17.1503,-25.0201,74.98,81,63,12.64
543,Natchez,US,2021-08-01 08:19:27,31.5604,-91.4032,77.25,88,75,3.44
544,Leninskoye,KZ,2021-08-01 08:24:35,41.7589,69.3864,96.58,14,82,5.48
545,Manuk Mangkaw,PH,2021-08-01 08:24:36,4.8,119.85,84.88,73,34,13.58
546,Dutse,NG,2021-08-01 08:24:37,11.7594,9.3392,76.71,79,100,9.93
547,Marshall,US,2021-08-01 08:24:37,34.3834,-86.3333,75.9,84,75,1.01
548,Campana,AR,2021-08-01 08:24:37,-34.1687,-58.9591,48.09,84,0,2.24
549,Nagato,JP,2021-08-01 08:24:38,34.3833,131.2,85.91,76,100,0.27
550,Tahta,EG,2021-08-01 08:24:38,26.7693,31.5021,98.49,14,16,2.53
551,Tomelloso,ES,2021-08-01 08:24:38,39.1522,-3.0243,70.52,44,52,2.64
552,Wajir,KE,2021-08-01 08:24:39,1.7471,40.0573,84.78,38,94,23.6
553,Bintulu,MY,2021-08-01 08:24:39,3.1667,113.0333,86.41,74,40,5.75
554,Fiumicino,IT,2021-08-01 08:24:40,41.7675,12.2291,91.98,68,0,14.97
555,Lachhmangarh,IN,2021-08-01 08:24:40,27.8214,75.0251,91.04,58,59,12.57
556,Sorong,ID,2021-08-01 08:24:40,-0.8833,131.25,86.7,67,100,12.01
557,San Andres,CO,2021-08-01 08:14:46,12.5847,-81.7006,81.86,78,79,22.48
558,Jumla,NP,2021-08-01 08:24:41,29.2747,82.1838,71.85,80,99,4.65
559,Kuandian,CN,2021-08-01 08:24:41,40.7286,124.7847,82.31,72,67,7.67
560,Springfield,US,2021-08-01 08:22:03,37.2153,-93.2982,74.43,96,90,5.99
561,Rognan,NO,2021-08-01 08:24:42,67.0953,15.3878,51.94,89,98,4.88
562,Namibe,AO,2021-08-01 08:20:39,-15.1961,12.1522,77.85,41,0,3.87
563,Bandarbeyla,SO,2021-08-01 08:19:52,9.4942,50.8122,88.9,43,94,26.75
564,Port Blair,IN,2021-08-01 08:20:49,11.6667,92.75,84.25,77,100,20.45
565,Murmashi,RU,2021-08-01 08:24:43,68.8154,32.8115,59.41,82,40,4.47
566,Kropotkin,RU,2021-08-01 08:24:43,45.4375,40.5756,93.85,27,1,3.89
567,Marondera,ZW,2021-08-01 08:24:44,-18.1853,31.5519,61.45,43,0,6.6
568,Sydney,AU,2021-08-01 08:24:04,-33.8679,151.2073,66.31,63,75,11.99
